date,price_day,price_night
2018-11-06,60.0,54.0
2018-11-05,60.0,54.0
2018-11-04,60.0,54.0
2018-11-03,60.0,54.0
2018-11-02,65.0,58.5
2018-11-01,65.0,58.5
2018-10-31,60.0,54.0
2018-10-30,60.0,54.0
2018-10-29,60.0,54.0
2018-10-28,60.0,54.0
2018-10-27,60.0,54.0
2018-10-26,65.0,58.5
2018-10-25,65.0,58.5
2018-10-24,60.0,54.0
2018-10-23,60.0,54.0
2018-10-22,60.0,54.0
2018-10-21,60.0,54.0
2018-10-20,60.0,54.0
2018-10-19,65.0,58.5
2018-10-18,65.0,58.5
2018-10-17,60.0,54.0
2018-10-16,60.0,54.0
2018-10-15,60.0,54.0
2018-10-14,60.0,54.0
2018-10-13,60.0,54.0
2018-10-12,65.0,58.5
2018-10-11,65.0,58.5
2018-10-10,60.0,54.0
2018-10-09,60.0,54.0
2018-10-08,60.0,54.0
2018-10-07,60.0,54.0
2018-10-06,60.0,54.0
2018-10-05,65.0,58.5
2018-10-04,65.0,58.5
2018-10-03,60.0,54.0
2018-10-02,60.0,54.0
2018-10-01,60.0,54.0
2018-09-30,60.0,54.0
2018-09-29,60.0,54.0
2018-09-28,65.0,58.5
2018-09-27,65.0,58.5
2018-09-26,60.0,54.0
2018-08-15,60.0,54.0
2018-08-14,60.0,54.0
2018-08-13,60.0,54.0
2018-08-12,60.0,54.0
2018-08-11,60.0,54.0
2018-08-10,65.0,58.5
2018-08-09,65.0,58.5
2018-08-08,60.0,54.0
2018-08-07,60.0,54.0
2018-08-06,60.0,54.0
2018-08-05,60.0,54.0
2018-08-04,60.0,54.0
2018-08-03,65.0,58.5
2018-08-02,65.0,58.5
2018-08-01,60.0,54.0
2018-07-31,60.0,54.0
2018-07-30,60.0,54.0
2018-07-29,60.0,54.0
2018-07-28,60.0,54.0
2018-07-27,65.0,58.5
2018-07-26,65.0,58.5
2018-07-25,60.0,54.0
2018-07-24,60.0,54.0
2018-07-23,60.0,54.0
2018-07-22,60.0,54.0
2018-07-21,60.0,54.0
2018-07-20,65.0,58.5
2018-07-19,65.0,58.5
2018-07-18,60.0,54.0
2018-07-17,60.0,54.0
2018-07-16,60.0,54.0
2018-07-15,60.0,54.0
2018-07-14,60.0,54.0
2018-07-13,65.0,58.5
2018-07-12,65.0,58.5
2018-07-11,60.0,54.0
2018-07-10,60.0,54.0
2018-07-09,60.0,54.0
2018-07-08,60.0,54.0
2018-07-07,60.0,54.0
2018-07-06,65.0,58.5
2018-07-05,65.0,58.5
2018-07-04,60.0,54.0
2018-07-03,60.0,54.0
2018-07-02,60.0,54.0
2018-07-01,60.0,54.0
2018-06-30,60.0,54.0
2018-06-29,65.0,58.5
2018-06-28,65.0,58.5
2018-06-27,60.0,54.0
2018-06-26,60.0,54.0
2018-06-25,60.0,54.0
2018-06-24,60.0,54.0
2018-06-23,60.0,54.0
2018-06-22,65.0,58.5
2018-06-21,65.0,58.5
2018-06-20,60.0,54.0
2018-06-19,60.0,54.0
2018-06-18,60.0,54.0
2018-06-17,60.0,54.0
2018-06-16,60.0,54.0
2018-06-15,65.0,58.5
2018-06-14,65.0,58.5
2018-06-13,60.0,54.0
2018-06-12,60.0,54.0
2018-06-11,60.0,54.0
2018-06-10,60.0,54.0
2018-06-09,60.0,54.0
2018-06-08,65.0,58.5
2018-06-07,65.0,58.5
2018-06-06,60.0,54.0
2018-06-05,60.0,54.0
2018-06-04,60.0,54.0
2018-06-03,60.0,54.0
2018-06-02,60.0,54.0
2018-06-01,65.0,58.5
2018-05-31,65.0,58.5
2018-05-30,60.0,54.0
2018-05-29,60.0,54.0
2018-05-28,60.0,54.0
2018-05-27,60.0,54.0
2018-05-26,60.0,54.0
2018-05-25,65.0,58.5
2018-05-24,65.0,58.5
2018-05-23,60.0,54.0
2018-05-22,60.0,54.0
2018-05-21,60.0,54.0
2018-05-20,60.0,54.0
2018-05-19,60.0,54.0
2018-05-18,65.0,58.5
2018-05-17,65.0,58.5
2018-05-16,60.0,54.0
2018-05-15,60.0,54.0
2018-05-14,60.0,54.0
2018-05-13,60.0,54.0
2018-05-12,60.0,54.0
2018-05-11,65.0,58.5
2018-05-10,65.0,58.5
2018-05-09,60.0,54.0
2018-05-08,60.0,54.0
2018-05-07,60.0,54.0
2018-05-06,60.0,54.0
2018-05-05,60.0,54.0
2018-05-04,65.0,58.5
2018-05-03,65.0,58.5
2018-05-02,60.0,54.0
2018-05-01,60.0,54.0
2018-04-30,60.0,54.0
2018-04-29,60.0,54.0
2018-04-28,60.0,54.0
2018-04-27,65.0,58.5
2018-04-26,65.0,58.5
2018-04-25,60.0,54.0
2018-04-24,60.0,54.0
2018-04-23,60.0,54.0
2018-04-22,60.0,54.0
2018-04-21,60.0,54.0
2018-04-20,65.0,58.5
2018-04-19,65.0,58.5
2018-04-18,60.0,54.0
2018-04-17,60.0,54.0
2018-04-16,60.0,54.0
2018-04-15,60.0,54.0
2018-04-14,60.0,54.0
2018-04-13,65.0,58.5
2018-04-12,65.0,58.5
2018-04-11,60.0,54.0
2018-04-10,60.0,54.0
2018-04-09,60.0,54.0
2018-04-08,60.0,54.0
2018-04-07,60.0,54.0
2018-04-06,65.0,58.5
2018-04-05,65.0,58.5
2018-04-04,60.0,54.0
2018-04-03,60.0,54.0
2018-04-02,60.0,54.0
2018-04-01,60.0,54.0
2018-03-31,60.0,54.0
2018-03-30,65.0,58.5
2018-03-29,65.0,58.5
2018-03-28,60.0,54.0
2018-03-27,60.0,54.0
2018-03-26,60.0,54.0
2018-03-25,60.0,54.0
2018-03-24,60.0,54.0
2018-03-23,65.0,58.5
2018-03-22,65.0,58.5
2018-03-21,60.0,54.0
2018-03-20,60.0,54.0
2018-03-19,60.0,54.0
2018-03-18,60.0,54.0
2018-03-17,60.0,54.0
2018-03-16,65.0,58.5
2018-03-15,65.0,58.5
2018-03-14,60.0,54.0
2018-03-13,60.0,54.0
2018-03-12,60.0,54.0
2018-03-11,60.0,54.0
2018-03-10,60.0,54.0
2018-03-09,65.0,58.5
2018-03-08,65.0,58.5
2018-03-07,60.0,54.0
2018-03-06,60.0,54.0
2018-03-05,60.0,54.0
2018-03-04,60.0,54.0
2018-03-03,60.0,54.0
2018-03-02,65.0,58.5
2018-03-01,65.0,58.5
2018-02-28,55.0,49.5
2018-02-27,55.0,49.5
2018-02-26,55.0,49.5
2018-02-25,55.0,49.5
2018-02-24,60.0,54.0
2018-02-23,65.0,58.5
2018-02-22,65.0,58.5
2018-02-21,55.0,49.5
2018-02-20,55.0,49.5
2018-02-19,55.0,49.5
2018-02-18,55.0,49.5
2018-02-17,60.0,54.0
2018-02-16,65.0,58.5
2018-02-15,65.0,58.5
2018-02-14,55.0,49.5
2018-02-13,55.0,49.5
2018-02-12,55.0,49.5
2018-02-11,55.0,49.5
2018-02-10,60.0,54.0
2018-02-09,65.0,58.5
2018-02-08,65.0,58.5
2018-02-07,55.0,49.5
2018-02-06,55.0,49.5
2018-02-05,55.0,49.5
2018-02-04,55.0,49.5
2018-02-03,60.0,54.0
2018-02-02,65.0,58.5
2018-02-01,65.0,58.5
2018-01-31,55.0,49.5
2018-01-30,55.0,49.5
2018-01-29,55.0,49.5
2018-01-28,55.0,49.5
2018-01-27,65.0,58.5
2018-01-26,65.0,58.5
2018-01-25,65.0,58.5
2018-01-24,55.0,49.5
2018-01-23,55.0,49.5
2018-01-22,55.0,49.5
2018-01-21,55.0,49.5
2018-01-20,65.0,58.5
2018-01-19,65.0,58.5
2018-01-18,65.0,58.5
2018-01-17,55.0,49.5
2018-09-25,60.0,54.0
2018-11-02,,
2018-11-01,,
2018-10-31,,
2018-10-30,,
2018-10-29,,
2018-10-28,,
2018-10-27,,
2018-10-26,,
2018-10-25,,
2018-10-24,,
2018-10-23,,
2018-10-22,,
2018-10-21,,
2018-10-20,,
2018-10-19,,
2018-10-18,,
2018-10-17,,
2018-10-16,,
2018-10-15,,
2018-10-14,,
2018-10-13,,
2018-10-12,,
2018-10-11,,
2018-10-10,,
2018-10-09,,
2018-10-08,,
2018-10-07,,
2018-10-06,,
2018-10-05,,
2018-10-04,,
2018-10-03,,
2018-10-02,,
2018-10-01,,
2018-09-30,,
2018-09-29,,
2018-09-28,,
2018-09-27,,
2018-09-26,,
2018-09-25,,
2018-09-24,,
2018-09-23,,
2018-09-22,,
2018-09-21,,
2018-09-20,,
2018-09-19,,
2018-09-18,,
2018-09-17,,
2018-09-16,,
2018-09-15,,
2018-09-14,,
2018-09-13,,
2018-09-12,,
2018-09-11,,
2018-09-10,,
2018-09-09,,
2018-09-08,,
2018-09-07,,
2018-09-06,,
2018-09-05,,
2018-09-04,,
2018-09-03,,
2018-09-02,,
2018-09-01,,
2018-08-31,,
2018-08-30,,
2018-08-29,,
2018-08-28,,
2018-08-27,,
2018-08-26,,
2018-08-25,,
2018-08-24,,
2018-08-23,,
2018-08-22,,
2018-08-21,,
2018-08-20,,
2018-08-19,,
2018-08-18,,
2018-08-17,,
2018-08-16,,
2018-08-15,,
2018-08-14,,
2018-08-13,,
2018-08-12,,
2018-08-11,,
2018-08-10,,
2018-08-09,,
2018-08-08,,
2018-08-07,,
2018-08-06,,
2018-08-05,,
2018-08-04,,
2018-08-03,,
2018-08-02,,
2018-08-01,,
2018-07-31,,
2018-07-30,,
2018-07-29,,
2018-07-28,,
2018-07-27,,
2018-07-26,,
2018-07-25,,
2018-07-24,,
2018-07-23,,
2018-07-22,,
2018-07-21,,
2018-07-20,,
2018-07-19,,
2018-07-18,,
2018-07-17,,
2018-07-16,,
2018-07-15,,
2018-07-14,,
2018-07-13,,
2018-07-12,,
2018-07-11,,
2018-07-10,,
2018-07-09,,
2018-07-08,,
2018-07-07,,
2018-07-06,,
2018-07-05,,
2018-07-04,,
2018-07-03,,
2018-07-02,,
2018-07-01,,
2018-06-30,,
2018-06-29,,
2018-06-28,,
2018-06-27,,
2018-06-26,,
2018-06-25,,
2018-06-24,,
2018-06-23,,
2018-06-22,,
2018-06-21,,
2018-06-20,,
2018-06-19,,
2018-06-18,,
2018-06-17,,
2018-06-16,,
2018-06-15,,
2018-06-14,,
2018-06-13,,
2018-06-12,,
2018-06-11,,
2018-06-10,,
2018-06-09,,
2018-06-08,,
2018-06-07,,
2018-06-06,,
2018-06-05,,
2018-06-04,,
2018-06-03,,
2018-06-02,,
2018-06-01,,
2018-05-31,,
2018-05-30,,
2018-05-29,,
2018-05-28,,
2018-05-27,,
2018-05-26,,
2018-05-25,,
2018-05-24,,
2018-05-23,,
2018-07-19,155.0,139.5
2018-07-18,155.0,139.5
2018-07-17,155.0,139.5
2018-07-16,155.0,139.5
2018-07-15,155.0,139.5
2018-07-14,155.0,139.5
2018-07-13,155.0,139.5
2018-07-12,155.0,139.5
2018-07-11,155.0,139.5
2018-07-10,155.0,139.5
2018-07-09,155.0,139.5
2018-07-08,155.0,139.5
2018-07-07,155.0,139.5
2018-07-06,155.0,139.5
2018-07-05,155.0,139.5
2018-07-04,155.0,139.5
2018-07-03,155.0,139.5
2018-07-02,155.0,139.5
2018-07-01,155.0,139.5
2018-06-30,135.0,121.5
2018-06-29,135.0,121.5
2018-06-28,135.0,121.5
2018-06-27,135.0,121.5
2018-06-26,135.0,121.5
2018-06-25,135.0,121.5
2018-06-24,135.0,121.5
2018-06-23,135.0,121.5
2018-06-22,135.0,121.5
2018-06-21,135.0,121.5
2018-06-20,135.0,121.5
2018-06-19,135.0,121.5
2018-06-18,135.0,121.5
2018-06-17,135.0,121.5
2018-06-16,135.0,121.5
2018-06-15,135.0,121.5
2018-06-14,135.0,121.5
2018-06-13,135.0,121.5
2018-06-12,135.0,121.5
2018-06-11,135.0,121.5
2018-06-10,135.0,121.5
2018-06-09,135.0,121.5
2018-06-08,135.0,121.5
2018-06-07,135.0,121.5
2018-06-06,135.0,121.5
2018-06-05,135.0,121.5
2018-06-04,135.0,121.5
2018-06-03,135.0,121.5
2018-06-02,159.0,143.1
2018-09-24,60.0,54.0
2018-09-23,60.0,54.0
2018-09-22,60.0,54.0
2018-09-21,65.0,58.5
2018-09-20,65.0,58.5
2018-09-19,60.0,54.0
2018-09-18,60.0,54.0
2018-09-17,60.0,54.0
2018-09-16,60.0,54.0
2018-09-15,60.0,54.0
2018-09-14,65.0,58.5
2018-09-13,65.0,58.5
2018-09-12,60.0,54.0
2018-09-11,60.0,54.0
2018-09-10,60.0,54.0
2018-09-09,60.0,54.0
2018-09-08,60.0,54.0
2018-09-07,65.0,58.5
2018-09-06,65.0,58.5
2018-09-05,60.0,54.0
2018-09-04,60.0,54.0
2018-09-03,60.0,54.0
2018-09-02,60.0,54.0
2018-09-01,60.0,54.0
2018-08-31,65.0,58.5
2018-08-30,65.0,58.5
2018-08-29,60.0,54.0
2018-08-28,60.0,54.0
2018-08-27,60.0,54.0
2018-08-26,60.0,54.0
2018-08-25,60.0,54.0
2018-08-24,65.0,58.5
2018-08-23,65.0,58.5
2018-08-22,60.0,54.0
2018-08-21,60.0,54.0
2018-08-20,60.0,54.0
2018-08-19,60.0,54.0
2018-08-18,60.0,54.0
2018-08-17,65.0,58.5
2018-08-16,65.0,58.5
2018-01-16,55.0,49.5
2018-01-15,55.0,49.5
2018-01-14,55.0,49.5
2018-01-13,65.0,58.5
2018-01-12,65.0,58.5
2018-01-11,65.0,58.5
2018-01-10,55.0,49.5
2018-01-09,55.0,49.5
2018-01-08,55.0,49.5
2018-01-07,55.0,49.5
2018-01-06,65.0,58.5
2018-01-05,65.0,58.5
2018-01-04,65.0,58.5
2018-01-03,60.0,54.0
2018-01-02,,
2018-01-01,,
2017-12-31,,
2017-12-30,,
2017-12-29,,
2017-12-28,65.0,58.5
2017-12-27,65.0,58.5
2017-12-26,65.0,58.5
2018-06-01,159.0,143.1
2018-05-31,159.0,143.1
2018-05-30,159.0,143.1
2018-05-29,159.0,143.1
2018-05-28,129.0,116.10000000000001
2018-05-27,129.0,116.10000000000001
2018-05-26,129.0,116.10000000000001
2018-05-25,129.0,116.10000000000001
2018-05-24,129.0,116.10000000000001
2018-05-23,129.0,116.10000000000001
2018-05-22,129.0,116.10000000000001
2018-05-21,129.0,116.10000000000001
2018-05-20,129.0,116.10000000000001
2018-05-19,129.0,116.10000000000001
2018-05-18,129.0,116.10000000000001
2018-05-17,129.0,116.10000000000001
2018-05-16,129.0,116.10000000000001
2018-05-15,129.0,116.10000000000001
2018-05-14,129.0,116.10000000000001
2018-05-13,129.0,116.10000000000001
2018-05-12,139.0,125.10000000000001
2018-05-11,139.0,125.10000000000001
2018-05-10,139.0,125.10000000000001
2018-05-09,129.0,116.10000000000001
2018-05-08,129.0,116.10000000000001
2018-05-07,129.0,116.10000000000001
2018-05-06,129.0,116.10000000000001
2018-05-05,129.0,116.10000000000001
2018-05-04,129.0,116.10000000000001
2018-05-03,129.0,116.10000000000001
2018-05-02,129.0,116.10000000000001
2018-05-01,129.0,116.10000000000001
2018-04-30,119.0,107.10000000000001
2018-04-29,119.0,107.10000000000001
2018-04-28,119.0,107.10000000000001
2018-04-27,119.0,107.10000000000001
2018-04-26,119.0,107.10000000000001
2018-04-25,119.0,107.10000000000001
2018-04-24,119.0,107.10000000000001
2018-04-23,119.0,107.10000000000001
2018-04-22,119.0,107.10000000000001
2018-04-21,135.0,121.5
2018-04-20,135.0,121.5
2018-04-19,135.0,121.5
2018-04-18,135.0,121.5
2018-04-17,135.0,121.5
2018-04-16,135.0,121.5
2018-04-15,135.0,121.5
2018-04-14,135.0,121.5
2018-04-13,135.0,121.5
2018-04-12,135.0,121.5
2018-04-11,119.0,107.10000000000001
2018-04-10,119.0,107.10000000000001
2018-04-09,119.0,107.10000000000001
2018-04-08,119.0,107.10000000000001
2018-04-07,119.0,107.10000000000001
2018-04-06,119.0,107.10000000000001
2018-04-05,119.0,107.10000000000001
2018-04-04,119.0,107.10000000000001
2018-04-03,119.0,107.10000000000001
2018-04-02,119.0,107.10000000000001
2018-04-01,119.0,107.10000000000001
2018-03-31,89.0,80.10000000000001
2018-03-30,89.0,80.10000000000001
2018-03-29,89.0,80.10000000000001
2018-03-28,89.0,80.10000000000001
2018-03-27,89.0,80.10000000000001
2018-03-26,89.0,80.10000000000001
2018-03-25,89.0,80.10000000000001
2018-03-24,89.0,80.10000000000001
2018-03-23,89.0,80.10000000000001
2018-03-22,89.0,80.10000000000001
2018-03-21,89.0,80.10000000000001
2018-03-20,89.0,80.10000000000001
2018-03-19,89.0,80.10000000000001
2018-03-18,89.0,80.10000000000001
2018-03-17,89.0,80.10000000000001
2018-03-16,89.0,80.10000000000001
2018-03-15,89.0,80.10000000000001
2018-03-14,89.0,80.10000000000001
2018-03-13,89.0,80.10000000000001
2018-03-12,89.0,80.10000000000001
2018-03-11,89.0,80.10000000000001
2018-03-10,89.0,80.10000000000001
2018-03-09,89.0,80.10000000000001
2018-03-08,89.0,80.10000000000001
2018-03-07,89.0,80.10000000000001
2018-03-06,89.0,80.10000000000001
2018-03-05,89.0,80.10000000000001
2018-03-04,89.0,80.10000000000001
2018-03-03,89.0,80.10000000000001
2018-03-02,160.0,144.0
2018-03-01,160.0,144.0
2018-02-28,260.0,234.0
2018-02-27,260.0,234.0
2018-02-26,260.0,234.0
2018-02-25,260.0,234.0
2018-02-24,260.0,234.0
2018-02-23,160.0,144.0
2018-02-22,160.0,144.0
2018-02-21,79.0,71.10000000000001
2018-02-20,79.0,71.10000000000001
2018-02-19,79.0,71.10000000000001
2018-02-18,79.0,71.10000000000001
2018-02-17,79.0,71.10000000000001
2018-02-16,79.0,71.10000000000001
2018-02-15,79.0,71.10000000000001
2018-02-14,79.0,71.10000000000001
2018-02-13,79.0,71.10000000000001
2018-02-12,79.0,71.10000000000001
2018-02-11,79.0,71.10000000000001
2018-02-10,79.0,71.10000000000001
2018-02-09,79.0,71.10000000000001
2018-02-08,79.0,71.10000000000001
2018-02-07,79.0,71.10000000000001
2018-02-06,79.0,71.10000000000001
2018-02-05,79.0,71.10000000000001
2018-02-04,79.0,71.10000000000001
2018-02-03,79.0,71.10000000000001
2018-02-02,79.0,71.10000000000001
2018-02-01,79.0,71.10000000000001
2018-01-31,79.0,71.10000000000001
2018-01-30,79.0,71.10000000000001
2018-01-29,79.0,71.10000000000001
2018-01-28,79.0,71.10000000000001
2018-01-27,79.0,71.10000000000001
2018-01-26,79.0,71.10000000000001
2018-01-25,79.0,71.10000000000001
2018-01-24,79.0,71.10000000000001
2018-01-23,79.0,71.10000000000001
2018-01-22,79.0,71.10000000000001
2018-01-21,79.0,71.10000000000001
2018-01-20,79.0,71.10000000000001
2018-01-19,79.0,71.10000000000001
2018-01-18,79.0,71.10000000000001
2018-01-17,79.0,71.10000000000001
2018-01-16,79.0,71.10000000000001
2018-01-15,79.0,71.10000000000001
2018-01-14,79.0,71.10000000000001
2018-01-13,79.0,71.10000000000001
2018-01-12,79.0,71.10000000000001
2018-01-11,79.0,71.10000000000001
2018-01-10,79.0,71.10000000000001
2018-01-09,79.0,71.10000000000001
2018-01-08,79.0,71.10000000000001
2018-01-07,79.0,71.10000000000001
2018-01-06,79.0,71.10000000000001
2018-01-05,120.0,108.0
2018-01-04,120.0,108.0
2018-01-03,120.0,108.0
2018-01-02,120.0,108.0
2018-01-01,,
2017-12-31,,
2017-12-30,,
2018-11-06,79.0,71.10000000000001
2018-11-05,79.0,71.10000000000001
2018-11-04,79.0,71.10000000000001
2018-11-03,79.0,71.10000000000001
2018-11-02,79.0,71.10000000000001
2018-11-01,79.0,71.10000000000001
2018-10-31,109.0,98.10000000000001
2018-10-30,109.0,98.10000000000001
2018-10-29,109.0,98.10000000000001
2018-10-28,109.0,98.10000000000001
2018-10-27,109.0,98.10000000000001
2018-10-26,109.0,98.10000000000001
2018-10-25,109.0,98.10000000000001
2018-10-24,109.0,98.10000000000001
2018-10-23,109.0,98.10000000000001
2018-10-22,109.0,98.10000000000001
2018-10-21,109.0,98.10000000000001
2018-10-20,109.0,98.10000000000001
2018-10-19,109.0,98.10000000000001
2018-10-18,109.0,98.10000000000001
2018-10-17,109.0,98.10000000000001
2018-10-16,109.0,98.10000000000001
2018-10-15,109.0,98.10000000000001
2018-10-14,109.0,98.10000000000001
2018-10-13,109.0,98.10000000000001
2018-10-12,109.0,98.10000000000001
2018-10-11,109.0,98.10000000000001
2018-10-10,109.0,98.10000000000001
2018-10-09,109.0,98.10000000000001
2018-10-08,109.0,98.10000000000001
2018-10-07,109.0,98.10000000000001
2018-10-06,109.0,98.10000000000001
2018-10-05,109.0,98.10000000000001
2018-10-04,109.0,98.10000000000001
2018-10-03,109.0,98.10000000000001
2018-10-02,109.0,98.10000000000001
2018-10-01,109.0,98.10000000000001
2018-09-30,119.0,107.10000000000001
2018-09-29,119.0,107.10000000000001
2018-09-28,119.0,107.10000000000001
2018-09-27,119.0,107.10000000000001
2018-09-26,119.0,107.10000000000001
2018-09-25,119.0,107.10000000000001
2018-09-24,119.0,107.10000000000001
2018-09-23,119.0,107.10000000000001
2018-09-22,119.0,107.10000000000001
2018-09-21,119.0,107.10000000000001
2018-09-20,119.0,107.10000000000001
2018-09-19,119.0,107.10000000000001
2018-09-18,119.0,107.10000000000001
2018-09-17,119.0,107.10000000000001
2018-09-16,119.0,107.10000000000001
2018-09-15,119.0,107.10000000000001
2018-09-14,119.0,107.10000000000001
2018-09-13,119.0,107.10000000000001
2018-09-12,119.0,107.10000000000001
2018-09-11,119.0,107.10000000000001
2018-09-10,119.0,107.10000000000001
2018-09-09,119.0,107.10000000000001
2018-09-08,119.0,107.10000000000001
2018-09-07,119.0,107.10000000000001
2018-09-06,119.0,107.10000000000001
2018-09-05,119.0,107.10000000000001
2018-09-04,119.0,107.10000000000001
2018-09-03,119.0,107.10000000000001
2018-09-02,119.0,107.10000000000001
2018-09-01,119.0,107.10000000000001
2018-08-31,155.0,139.5
2018-08-30,155.0,139.5
2018-08-29,155.0,139.5
2018-08-28,155.0,139.5
2018-08-27,155.0,139.5
2018-08-26,155.0,139.5
2018-08-25,155.0,139.5
2018-08-24,155.0,139.5
2018-08-23,155.0,139.5
2018-08-22,155.0,139.5
2018-08-21,155.0,139.5
2018-08-20,155.0,139.5
2018-08-19,155.0,139.5
2018-08-18,155.0,139.5
2018-08-17,155.0,139.5
2018-08-16,155.0,139.5
2018-08-15,155.0,139.5
2018-08-14,155.0,139.5
2018-08-13,155.0,139.5
2018-08-12,155.0,139.5
2018-08-11,155.0,139.5
2018-08-10,155.0,139.5
2018-08-09,155.0,139.5
2018-08-08,155.0,139.5
2018-08-07,155.0,139.5
2018-08-06,155.0,139.5
2018-08-05,155.0,139.5
2018-08-04,155.0,139.5
2018-08-03,155.0,139.5
2018-08-02,155.0,139.5
2018-08-01,155.0,139.5
2018-07-31,155.0,139.5
2018-07-30,155.0,139.5
2018-07-29,155.0,139.5
2018-07-28,155.0,139.5
2018-07-27,155.0,139.5
2018-07-26,155.0,139.5
2018-07-25,155.0,139.5
2018-07-24,155.0,139.5
2018-07-23,155.0,139.5
2018-07-22,155.0,139.5
2018-07-21,155.0,139.5
2018-07-20,155.0,139.5
2017-12-29,165.0,148.5
2017-12-28,165.0,148.5
2017-12-27,,
2017-12-26,,
2017-12-25,,
2017-12-24,,
2017-12-23,,
2017-12-22,,
2017-12-21,145.0,130.5
2017-12-20,75.0,67.5
2017-12-19,75.0,67.5
2017-12-18,75.0,67.5
2017-12-17,75.0,67.5
2017-12-16,75.0,67.5
2017-12-15,75.0,67.5
2017-12-14,75.0,67.5
2017-12-13,75.0,67.5
2017-12-12,75.0,67.5
2017-12-11,75.0,67.5
2017-12-10,75.0,67.5
2017-12-09,75.0,67.5
2017-12-08,,
2017-12-07,,
2017-12-06,,
2017-12-05,75.0,67.5
2017-12-04,75.0,67.5
2017-12-03,75.0,67.5
2018-05-22,,
2018-05-21,,
2018-05-20,,
2018-05-19,,
2018-05-18,,
2018-05-17,,
2018-05-16,,
2018-05-15,,
2018-05-14,,
2018-05-13,,
2018-05-12,,
2018-05-11,,
2018-05-10,,
2018-05-09,,
2018-05-08,,
2018-05-07,,
2018-05-06,,
2018-05-05,,
2018-05-04,,
2018-05-03,,
2018-05-02,,
2018-05-01,,
2018-04-30,,
2018-04-29,,
2018-04-28,,
2018-04-27,,
2018-04-26,,
2018-04-25,,
2018-04-24,,
2018-04-23,,
2018-04-22,,
2018-04-21,,
2018-04-20,,
2018-04-19,,
2018-04-18,,
2018-04-17,,
2018-04-16,,
2018-04-15,,
2018-04-14,,
2018-04-13,,
2018-04-12,,
2018-04-11,,
2018-04-10,,
2018-04-09,,
2018-04-08,,
2018-04-07,,
2018-04-06,,
2018-04-05,,
2018-04-04,,
2018-04-03,,
2018-04-02,,
2018-04-01,,
2018-03-31,,
2018-03-30,,
2018-03-29,,
2018-03-28,,
2018-03-27,,
2018-03-26,,
2018-03-25,,
2018-03-24,,
2018-03-23,,
2018-03-22,,
2018-03-21,,
2018-03-20,,
2018-03-19,,
2018-03-18,,
2018-03-17,,
2018-03-16,,
2018-03-15,,
2018-03-14,,
2018-03-13,,
2018-03-12,,
2018-03-11,,
2018-03-10,,
2018-03-09,,
2018-03-08,,
2018-03-07,,
2018-03-06,,
2018-03-05,,
2018-03-04,,
2018-03-03,,
2018-03-02,,
2018-03-01,,
2018-02-28,,
2018-02-27,,
2018-02-26,,
2018-02-25,,
2018-02-24,,
2018-02-23,,
2018-02-22,,
2018-02-21,,
2018-02-20,,
2018-02-19,,
2018-02-18,,
2018-02-17,,
2018-02-16,,
2018-02-15,,
2018-02-14,,
2018-02-13,,
2018-02-12,,
2018-02-11,,
2018-02-10,,
2018-02-09,,
2018-02-08,,
2018-02-07,,
2018-02-06,,
2018-02-05,,
2018-11-06,,
2018-11-05,,
2018-11-04,,
2018-11-03,,
2018-02-04,,
2018-02-03,,
2018-02-02,,
2018-02-01,,
2018-01-31,,
2018-01-30,,
2018-01-29,,
2018-01-28,,
2018-01-27,,
2018-01-26,,
2018-01-25,,
2018-01-24,,
2018-01-23,,
2018-01-22,,
2018-01-21,,
2018-01-20,,
2018-01-19,,
2018-01-18,,
2018-01-17,,
2018-01-16,,
2018-01-15,,
2018-01-14,,
2018-01-13,,
2018-01-12,,
2018-01-11,,
2018-01-10,,
2018-01-09,,
2018-01-08,,
2018-01-07,,
2018-01-06,,
2018-01-05,,
2018-01-04,,
2018-01-03,,
2018-01-02,,
2018-01-01,,
2017-12-31,,
2017-12-30,,
2017-12-29,,
2017-12-28,,
2017-12-27,,
2017-12-26,,
2017-12-25,,
2017-12-24,,
2017-12-23,,
2017-12-22,,
2017-12-21,,
2017-12-20,130.0,117.0
2017-12-19,130.0,117.0
2017-12-18,130.0,117.0
2017-12-17,130.0,117.0
2017-12-16,130.0,117.0
2017-12-15,130.0,117.0
2017-12-14,130.0,117.0
2017-12-13,130.0,117.0
2017-12-12,130.0,117.0
2017-12-11,130.0,117.0
2017-12-10,130.0,117.0
2017-12-09,130.0,117.0
2017-12-08,,
2017-12-07,,
2017-12-06,,
2017-12-05,,
2017-12-04,,
2017-12-03,,
2017-12-02,,
2017-12-01,,
2017-11-30,130.0,117.0
2017-11-29,130.0,117.0
2017-11-28,130.0,117.0
2017-11-27,130.0,117.0
2017-11-26,130.0,117.0
2017-11-25,130.0,117.0
2017-11-24,130.0,117.0
2017-11-23,130.0,117.0
2017-11-22,130.0,117.0
2017-11-21,130.0,117.0
2017-11-20,130.0,117.0
2017-11-19,,
2017-11-18,,
2017-11-17,,
2017-11-16,,
2017-11-15,,
2017-11-14,,
2017-11-13,,
2017-11-12,,
2017-11-11,,
2017-11-10,,
2017-11-09,,
2017-11-08,,
2017-11-07,,
2017-12-25,75.0,67.5
2017-12-24,75.0,67.5
2017-12-23,75.0,67.5
2017-12-22,65.0,58.5
2017-12-21,65.0,58.5
2017-12-20,55.0,49.5
2017-12-19,55.0,49.5
2017-12-18,55.0,49.5
2017-12-17,55.0,49.5
2017-12-16,65.0,58.5
2017-12-15,65.0,58.5
2017-12-14,65.0,58.5
2017-12-13,55.0,49.5
2017-12-12,55.0,49.5
2017-12-11,55.0,49.5
2017-12-10,55.0,49.5
2017-12-09,65.0,58.5
2017-12-08,65.0,58.5
2017-12-07,65.0,58.5
2017-12-06,65.0,58.5
2017-12-05,55.0,49.5
2017-12-04,55.0,49.5
2017-12-03,55.0,49.5
2017-12-02,65.0,58.5
2017-12-01,65.0,58.5
2017-11-30,65.0,58.5
2017-11-29,55.0,49.5
2017-11-28,55.0,49.5
2017-11-27,55.0,49.5
2017-11-26,55.0,49.5
2017-11-25,65.0,58.5
2017-11-24,65.0,58.5
2017-11-23,65.0,58.5
2017-11-22,55.0,49.5
2017-11-21,55.0,49.5
2017-11-20,55.0,49.5
2017-11-19,55.0,49.5
2017-11-18,65.0,58.5
2017-11-17,65.0,58.5
2017-11-16,65.0,58.5
2017-11-15,55.0,49.5
2017-11-14,55.0,49.5
2017-11-13,55.0,49.5
2017-11-12,55.0,49.5
2017-11-11,65.0,58.5
2017-11-10,65.0,58.5
2017-11-09,65.0,58.5
2017-11-08,55.0,49.5
2017-11-07,,
2018-11-06,166.0,149.4
2018-11-06,,
2018-11-05,,
2018-11-04,,
2018-11-03,,
2018-11-02,,
2018-11-01,,
2018-10-31,,
2018-10-30,,
2018-10-29,,
2018-10-28,,
2018-10-27,,
2018-10-26,,
2018-10-25,,
2018-10-24,,
2018-10-23,,
2018-10-22,,
2018-10-21,,
2018-10-20,,
2018-10-19,,
2018-10-18,,
2018-10-17,,
2018-10-16,,
2018-10-15,,
2018-10-14,,
2018-10-13,,
2018-10-12,,
2018-10-11,,
2018-10-10,,
2018-10-09,,
2018-10-08,,
2018-10-07,,
2018-10-06,,
2018-10-05,,
2018-10-04,,
2018-10-03,,
2018-10-02,,
2018-10-01,,
2018-09-30,,
2018-09-29,,
2018-09-28,,
2018-09-27,,
2018-09-26,,
2018-09-25,,
2018-09-24,,
2018-09-23,,
2018-09-22,,
2018-09-21,,
2018-09-20,,
2018-09-19,,
2018-09-18,,
2018-09-17,,
2018-09-16,,
2018-09-15,,
2018-09-14,,
2018-09-13,,
2018-09-12,,
2018-09-11,,
2018-09-10,,
2018-09-09,,
2018-09-08,,
2018-09-07,,
2018-09-06,,
2018-09-05,,
2018-09-04,,
2018-09-03,,
2018-09-02,,
2018-09-01,,
2018-08-31,,
2018-08-30,,
2018-08-29,,
2018-08-28,,
2018-08-27,,
2018-08-26,,
2018-08-25,,
2018-08-24,,
2018-08-23,,
2018-08-22,,
2018-08-21,,
2018-08-20,,
2018-08-19,,
2018-08-18,,
2018-08-17,,
2018-08-16,,
2018-08-15,,
2018-08-14,,
2018-08-13,,
2018-08-12,,
2018-08-11,,
2018-07-31,,
2018-07-30,,
2018-07-29,,
2018-07-28,,
2018-07-27,,
2018-07-26,,
2018-07-25,,
2018-07-24,,
2018-07-23,,
2018-07-22,,
2018-07-21,,
2018-07-20,,
2018-07-19,,
2018-07-18,,
2018-07-17,,
2018-07-16,,
2018-07-15,,
2018-07-14,,
2018-07-13,,
2018-07-12,,
2018-07-11,,
2018-07-10,,
2018-07-09,,
2018-07-08,,
2018-07-07,,
2018-07-06,,
2018-07-05,,
2018-07-04,,
2018-07-03,,
2018-07-02,,
2018-07-01,,
2018-06-30,,
2018-06-29,,
2018-06-28,,
2018-06-27,,
2018-06-26,,
2018-06-25,,
2018-06-24,,
2018-06-23,,
2018-06-22,,
2018-06-21,,
2018-06-20,,
2018-06-19,,
2018-06-18,,
2018-06-17,,
2018-06-16,,
2018-06-15,,
2018-06-14,,
2018-06-13,,
2018-06-12,,
2018-06-11,,
2018-06-10,,
2018-06-09,,
2018-06-08,,
2018-06-07,,
2018-06-06,,
2018-06-05,,
2018-06-04,,
2018-06-03,,
2018-06-02,,
2018-06-01,,
2018-05-31,,
2018-05-30,,
2018-05-29,,
2018-05-28,,
2018-05-27,,
2018-05-26,,
2018-05-25,,
2018-05-24,,
2018-05-23,,
2018-05-22,,
2018-05-21,,
2018-05-20,,
2018-05-19,,
2018-05-18,,
2018-05-17,,
2018-05-16,,
2018-05-15,,
2018-05-14,,
2018-05-13,,
2018-05-12,,
2018-05-11,,
2018-05-10,,
2018-05-09,,
2018-05-08,,
2018-05-07,,
2018-05-06,,
2018-05-05,,
2018-05-04,,
2018-05-03,,
2018-05-02,,
2018-05-01,,
2018-04-30,,
2018-04-29,,
2018-04-28,,
2018-04-27,,
2018-04-26,,
2018-04-25,,
2018-04-24,,
2018-04-23,,
2018-04-22,,
2018-04-21,,
2018-04-20,,
2018-04-19,,
2018-04-18,,
2018-04-17,,
2018-04-16,,
2018-04-15,,
2018-04-14,,
2018-04-13,,
2018-04-12,,
2018-04-11,,
2018-04-10,,
2018-04-09,,
2018-04-08,,
2018-04-07,,
2018-04-06,,
2018-04-05,,
2018-04-04,,
2018-04-03,,
2018-04-02,,
2018-04-01,,
2018-03-31,,
2018-03-30,,
2018-03-29,,
2018-03-28,,
2018-03-27,,
2018-03-26,,
2018-03-25,,
2018-03-24,,
2018-03-23,,
2018-03-22,,
2018-03-21,,
2018-03-20,,
2018-03-19,,
2018-03-18,,
2018-03-17,,
2018-03-16,,
2018-03-15,,
2018-03-14,,
2018-03-13,,
2018-03-12,,
2018-03-11,,
2018-03-10,,
2018-03-09,,
2018-03-08,,
2018-03-07,,
2018-03-06,,
2018-03-05,,
2018-03-04,,
2018-03-03,,
2018-03-02,,
2018-03-01,,
2018-02-28,,
2018-02-27,,
2018-02-26,,
2018-02-25,,
2018-02-24,,
2018-02-23,,
2018-02-22,,
2018-02-21,104.0,93.60000000000001
2018-02-20,104.0,93.60000000000001
2018-02-19,104.0,93.60000000000001
2018-02-18,,
2018-02-17,,
2018-02-16,,
2018-02-15,62.0,55.800000000000004
2018-02-14,62.0,55.800000000000004
2018-02-13,62.0,55.800000000000004
2018-02-12,62.0,55.800000000000004
2018-02-11,62.0,55.800000000000004
2018-02-10,62.0,55.800000000000004
2018-02-09,,
2018-02-08,,
2018-02-07,,
2018-02-06,,
2018-02-05,62.0,55.800000000000004
2018-02-04,62.0,55.800000000000004
2018-02-03,,
2018-02-02,,
2018-02-01,,
2018-01-31,,
2018-01-30,62.0,55.800000000000004
2018-01-29,62.0,55.800000000000004
2018-01-28,,
2018-01-27,,
2018-01-26,,
2018-01-25,,
2018-01-24,,
2018-01-23,62.0,55.800000000000004
2018-01-22,62.0,55.800000000000004
2018-01-21,,
2018-01-20,,
2018-01-19,,
2018-01-18,,
2018-01-17,,
2017-12-02,75.0,67.5
2017-12-01,75.0,67.5
2017-11-30,75.0,67.5
2017-11-29,75.0,67.5
2017-11-28,75.0,67.5
2017-11-27,75.0,67.5
2017-11-26,75.0,67.5
2017-11-25,75.0,67.5
2017-11-24,75.0,67.5
2017-11-23,75.0,67.5
2017-11-22,75.0,67.5
2017-11-21,75.0,67.5
2017-11-20,75.0,67.5
2017-11-19,75.0,67.5
2017-11-18,,
2017-11-17,,
2017-11-16,,
2017-11-15,75.0,67.5
2017-11-14,75.0,67.5
2017-11-13,,
2017-11-12,,
2017-11-11,,
2017-11-10,,
2017-11-09,,
2017-11-08,,
2017-11-07,,
2018-11-06,95.0,85.5
2018-11-05,95.0,85.5
2018-11-04,95.0,85.5
2018-11-03,95.0,85.5
2018-11-02,95.0,85.5
2018-11-01,95.0,85.5
2018-10-31,95.0,85.5
2018-10-30,95.0,85.5
2018-10-29,95.0,85.5
2018-10-28,95.0,85.5
2018-10-27,95.0,85.5
2018-10-26,95.0,85.5
2018-10-25,95.0,85.5
2018-10-24,95.0,85.5
2018-10-23,95.0,85.5
2018-10-22,95.0,85.5
2018-10-21,95.0,85.5
2018-10-20,95.0,85.5
2018-10-19,95.0,85.5
2018-10-18,95.0,85.5
2018-10-17,95.0,85.5
2018-10-16,95.0,85.5
2018-10-15,95.0,85.5
2018-10-14,95.0,85.5
2018-10-13,95.0,85.5
2018-10-12,95.0,85.5
2018-10-11,,
2018-10-10,,
2018-10-09,,
2018-10-08,,
2018-10-07,,
2018-10-06,,
2018-10-05,,
2018-10-04,95.0,85.5
2018-10-03,95.0,85.5
2018-10-02,95.0,85.5
2018-10-01,95.0,85.5
2018-09-30,140.0,126.0
2018-09-29,140.0,126.0
2018-09-28,140.0,126.0
2018-09-27,140.0,126.0
2018-09-26,140.0,126.0
2018-09-25,140.0,126.0
2018-09-24,140.0,126.0
2018-09-23,140.0,126.0
2018-09-22,140.0,126.0
2018-09-21,140.0,126.0
2018-09-20,140.0,126.0
2018-09-19,140.0,126.0
2018-09-18,140.0,126.0
2018-09-17,140.0,126.0
2018-09-16,140.0,126.0
2018-09-15,140.0,126.0
2018-09-10,140.0,126.0
2018-09-09,140.0,126.0
2018-09-08,140.0,126.0
2018-09-07,140.0,126.0
2018-09-06,140.0,126.0
2018-09-05,140.0,126.0
2018-09-04,140.0,126.0
2018-09-03,140.0,126.0
2018-09-02,140.0,126.0
2018-09-01,140.0,126.0
2018-08-31,140.0,126.0
2018-08-30,140.0,126.0
2018-08-29,140.0,126.0
2018-08-28,140.0,126.0
2018-08-27,140.0,126.0
2018-08-26,140.0,126.0
2018-08-25,140.0,126.0
2018-08-24,140.0,126.0
2018-08-23,140.0,126.0
2018-08-22,140.0,126.0
2018-08-21,140.0,126.0
2018-08-20,140.0,126.0
2018-08-19,140.0,126.0
2018-08-18,140.0,126.0
2018-08-17,140.0,126.0
2018-08-16,140.0,126.0
2018-08-15,140.0,126.0
2018-08-14,140.0,126.0
2018-08-13,140.0,126.0
2018-08-12,140.0,126.0
2018-08-11,140.0,126.0
2018-08-10,140.0,126.0
2018-08-09,140.0,126.0
2018-08-08,140.0,126.0
2018-08-07,140.0,126.0
2018-08-06,140.0,126.0
2018-08-05,140.0,126.0
2018-08-04,140.0,126.0
2018-08-03,140.0,126.0
2018-08-02,140.0,126.0
2018-08-01,140.0,126.0
2018-07-31,140.0,126.0
2018-07-30,140.0,126.0
2018-07-29,140.0,126.0
2018-07-28,140.0,126.0
2018-07-27,140.0,126.0
2018-07-26,140.0,126.0
2018-07-25,140.0,126.0
2018-07-24,140.0,126.0
2018-07-23,140.0,126.0
2018-07-22,140.0,126.0
2018-07-21,140.0,126.0
2018-07-20,140.0,126.0
2018-07-19,140.0,126.0
2018-07-18,140.0,126.0
2018-07-17,140.0,126.0
2018-07-16,140.0,126.0
2018-07-15,140.0,126.0
2018-07-14,140.0,126.0
2018-07-13,140.0,126.0
2018-07-12,140.0,126.0
2018-07-11,140.0,126.0
2018-07-10,140.0,126.0
2018-07-09,140.0,126.0
2018-07-08,140.0,126.0
2018-07-07,,
2018-07-06,,
2018-07-05,,
2018-07-04,,
2018-07-03,140.0,126.0
2018-07-02,140.0,126.0
2018-07-01,140.0,126.0
2018-06-30,130.0,117.0
2018-06-29,130.0,117.0
2018-06-28,130.0,117.0
2018-06-27,130.0,117.0
2018-06-26,130.0,117.0
2018-06-25,130.0,117.0
2018-06-24,130.0,117.0
2018-06-23,130.0,117.0
2018-06-22,130.0,117.0
2018-06-21,130.0,117.0
2018-06-20,130.0,117.0
2018-06-19,130.0,117.0
2018-06-18,,
2018-06-17,,
2018-06-16,,
2018-06-15,130.0,117.0
2018-06-14,130.0,117.0
2018-06-13,130.0,117.0
2018-06-12,130.0,117.0
2018-06-11,130.0,117.0
2018-06-10,130.0,117.0
2018-06-09,130.0,117.0
2018-06-08,130.0,117.0
2018-06-07,130.0,117.0
2018-06-06,130.0,117.0
2018-06-05,130.0,117.0
2018-06-04,130.0,117.0
2018-06-03,130.0,117.0
2018-06-02,130.0,117.0
2018-06-01,130.0,117.0
2018-05-31,120.0,108.0
2018-05-30,120.0,108.0
2018-05-29,120.0,108.0
2018-05-28,,
2018-05-27,,
2018-05-26,,
2018-05-25,,
2018-05-24,120.0,108.0
2018-05-23,120.0,108.0
2018-05-22,120.0,108.0
2018-05-21,120.0,108.0
2018-05-20,120.0,108.0
2018-05-19,120.0,108.0
2018-05-18,120.0,108.0
2018-05-17,120.0,108.0
2018-05-16,,
2018-05-15,,
2018-05-14,,
2018-05-13,,
2018-05-12,,
2018-05-11,,
2018-05-10,,
2018-05-09,120.0,108.0
2018-05-08,120.0,108.0
2018-05-07,120.0,108.0
2018-05-06,120.0,108.0
2018-05-05,120.0,108.0
2018-05-04,120.0,108.0
2018-05-03,,
2018-05-02,,
2018-05-01,,
2018-04-30,,
2018-04-29,,
2018-04-28,,
2018-04-27,115.0,103.5
2018-04-26,115.0,103.5
2018-04-25,,
2018-04-24,,
2018-04-23,,
2018-04-22,,
2018-04-21,,
2018-04-20,115.0,103.5
2018-04-19,115.0,103.5
2018-04-18,,
2018-04-17,,
2018-04-16,,
2018-04-15,,
2018-04-14,115.0,103.5
2018-04-13,115.0,103.5
2018-04-12,,
2018-04-11,,
2018-04-10,,
2018-04-09,115.0,103.5
2018-04-08,,
2018-04-07,,
2018-04-06,,
2018-04-05,115.0,103.5
2018-04-04,,
2018-04-03,,
2018-04-02,,
2018-04-01,115.0,103.5
2018-03-31,105.0,94.5
2018-03-30,105.0,94.5
2018-03-29,,
2018-03-28,,
2018-03-27,,
2018-03-26,105.0,94.5
2018-03-25,105.0,94.5
2018-03-24,105.0,94.5
2018-03-23,105.0,94.5
2018-03-22,105.0,94.5
2018-03-21,105.0,94.5
2018-03-20,105.0,94.5
2018-03-19,105.0,94.5
2018-03-18,105.0,94.5
2018-03-17,105.0,94.5
2018-03-16,105.0,94.5
2018-03-15,105.0,94.5
2018-03-14,105.0,94.5
2018-03-13,105.0,94.5
2018-03-12,105.0,94.5
2018-03-11,105.0,94.5
2018-03-10,,
2018-03-09,,
2018-03-08,,
2018-03-07,,
2018-03-06,,
2018-03-05,,
2018-03-04,,
2018-03-03,,
2018-03-02,,
2018-03-01,,
2018-02-28,,
2018-02-27,,
2018-02-26,,
2018-02-25,,
2018-02-24,,
2018-02-23,100.0,90.0
2018-02-22,,
2018-02-21,,
2018-09-14,140.0,126.0
2018-09-13,140.0,126.0
2018-09-12,140.0,126.0
2018-09-11,140.0,126.0
2018-02-20,,
2018-02-19,,
2018-02-18,100.0,90.0
2018-02-17,100.0,90.0
2018-02-16,,
2018-02-15,,
2018-02-14,,
2018-02-13,,
2018-02-12,100.0,90.0
2018-02-11,100.0,90.0
2018-02-10,100.0,90.0
2018-02-09,,
2018-02-08,,
2018-02-07,,
2018-02-06,100.0,90.0
2018-02-05,,
2018-02-04,,
2018-02-03,,
2018-02-02,,
2018-02-01,,
2018-01-31,,
2018-01-30,,
2018-01-29,,
2018-01-28,,
2018-01-27,,
2018-01-26,,
2018-01-25,,
2018-01-24,,
2018-01-23,,
2018-01-22,,
2018-01-21,,
2018-01-20,,
2018-01-19,,
2018-01-18,,
2018-01-17,100.0,90.0
2018-01-16,100.0,90.0
2018-01-15,100.0,90.0
2018-01-14,100.0,90.0
2018-01-13,100.0,90.0
2018-01-12,100.0,90.0
2018-01-11,100.0,90.0
2018-01-10,100.0,90.0
2018-01-09,100.0,90.0
2018-01-08,100.0,90.0
2018-01-07,100.0,90.0
2018-01-06,,
2018-01-05,,
2018-01-04,,
2018-01-03,,
2018-01-02,,
2018-01-01,,
2017-12-31,,
2017-12-30,,
2017-12-29,,
2017-12-28,,
2017-12-27,,
2017-12-26,,
2017-12-25,,
2017-12-24,,
2017-12-23,90.0,81.0
2017-12-22,,
2017-12-21,,
2017-12-20,,
2017-12-19,90.0,81.0
2017-12-18,90.0,81.0
2017-12-17,,
2017-12-16,,
2017-12-15,,
2017-12-14,90.0,81.0
2017-12-13,90.0,81.0
2017-12-12,90.0,81.0
2017-12-11,90.0,81.0
2017-12-10,,
2017-12-09,,
2017-12-08,,
2017-12-07,,
2017-12-06,,
2017-12-05,90.0,81.0
2017-12-04,90.0,81.0
2017-12-03,90.0,81.0
2017-12-02,,
2017-12-01,,
2017-11-30,,
2017-11-29,90.0,81.0
2017-11-28,90.0,81.0
2017-11-27,90.0,81.0
2017-11-26,90.0,81.0
2017-11-25,,
2017-11-24,,
2017-11-23,,
2017-11-22,,
2017-11-21,,
2017-11-20,,
2017-11-19,,
2017-11-18,,
2017-11-17,,
2017-11-16,,
2017-11-15,100.0,90.0
2017-11-14,100.0,90.0
2017-11-13,,
2017-11-12,,
2017-11-11,,
2017-11-10,,
2017-11-09,,
2017-11-08,,
2017-11-07,,
2018-11-06,,
2018-11-05,,
2018-11-04,,
2018-11-03,,
2018-11-02,,
2018-11-01,,
2018-10-31,,
2018-10-30,,
2018-10-29,,
2018-10-28,,
2018-10-27,,
2018-10-26,,
2018-10-25,,
2018-10-24,,
2018-10-23,,
2018-10-22,,
2018-10-21,,
2018-10-20,,
2018-10-19,,
2018-10-18,,
2018-10-17,,
2018-10-16,,
2018-10-15,,
2018-10-14,,
2018-10-13,,
2018-10-12,,
2018-10-11,,
2018-10-10,,
2018-10-09,,
2018-10-08,,
2018-10-07,,
2018-10-06,,
2018-10-05,,
2018-10-04,,
2018-10-03,,
2018-10-02,,
2018-10-01,,
2018-09-30,,
2018-09-29,,
2018-09-28,,
2018-09-27,,
2018-09-26,,
2018-09-25,,
2018-09-24,,
2018-09-23,,
2018-09-22,,
2018-09-21,,
2018-09-20,,
2018-09-19,,
2018-09-18,,
2018-09-17,,
2018-09-16,,
2018-09-15,,
2018-09-14,,
2018-09-13,,
2018-09-12,,
2018-09-11,,
2018-09-10,,
2018-09-09,,
2018-09-08,,
2018-09-07,,
2018-09-06,,
2018-09-05,,
2018-09-04,,
2018-09-03,,
2018-09-02,,
2018-09-01,,
2018-08-31,,
2018-08-30,,
2018-08-29,,
2018-08-28,,
2018-08-27,,
2018-08-26,,
2018-08-25,,
2018-08-24,,
2018-08-23,,
2018-08-22,,
2018-08-21,,
2018-08-20,,
2018-08-19,,
2018-08-18,,
2018-08-17,,
2018-08-16,,
2018-08-15,,
2018-08-14,,
2018-08-13,,
2018-08-12,,
2018-08-11,,
2018-08-10,,
2018-08-09,,
2018-08-08,,
2018-08-07,,
2018-08-06,,
2018-08-05,,
2018-08-04,,
2018-08-03,,
2018-08-02,,
2018-08-01,,
2018-07-31,,
2018-07-30,,
2018-07-29,,
2018-07-28,,
2018-07-27,,
2018-07-26,,
2018-07-25,,
2018-07-24,,
2018-07-23,,
2018-07-22,,
2018-07-21,,
2018-07-20,,
2018-07-19,,
2018-07-18,,
2018-07-17,,
2018-07-16,,
2018-07-15,,
2018-07-14,,
2018-07-13,,
2018-07-12,,
2018-07-11,,
2018-07-10,,
2018-07-09,,
2018-07-08,,
2018-07-07,,
2018-07-06,,
2018-07-05,,
2018-07-04,,
2018-07-03,,
2018-07-02,,
2018-07-01,,
2018-06-30,,
2018-06-29,,
2018-06-28,,
2018-06-27,,
2018-06-26,,
2018-06-25,,
2018-06-24,,
2018-06-23,,
2018-06-22,,
2018-06-21,,
2018-06-20,,
2018-06-19,,
2018-06-18,,
2018-06-17,,
2018-06-16,,
2018-06-15,,
2018-06-14,,
2018-06-13,,
2018-06-12,,
2018-06-11,,
2018-06-10,,
2018-06-09,,
2018-06-08,,
2018-06-07,,
2018-06-06,,
2018-06-05,,
2018-06-04,,
2018-06-03,,
2018-06-02,,
2018-06-01,,
2018-05-31,,
2018-05-30,,
2018-05-29,,
2018-05-28,,
2018-05-27,,
2018-05-26,,
2018-05-25,,
2018-05-24,,
2018-05-23,,
2018-05-22,,
2018-05-21,,
2018-05-20,,
2018-05-19,,
2018-05-18,,
2018-05-17,,
2018-05-16,,
2018-05-15,,
2018-05-14,,
2018-05-13,,
2018-05-12,,
2018-05-11,,
2018-05-10,,
2018-05-09,,
2018-05-08,,
2018-05-07,,
2018-05-06,,
2018-05-05,,
2018-05-04,,
2018-05-03,,
2018-05-02,,
2018-05-01,,
2018-11-05,166.0,149.4
2018-11-04,166.0,149.4
2018-11-03,166.0,149.4
2018-11-02,166.0,149.4
2018-11-01,166.0,149.4
2018-10-31,200.0,180.0
2018-10-30,200.0,180.0
2018-10-29,200.0,180.0
2018-10-28,200.0,180.0
2018-10-27,200.0,180.0
2018-10-26,250.0,225.0
2018-10-25,250.0,225.0
2018-10-24,200.0,180.0
2018-10-23,200.0,180.0
2018-10-22,200.0,180.0
2018-10-21,200.0,180.0
2018-10-20,200.0,180.0
2018-10-19,250.0,225.0
2018-10-18,250.0,225.0
2018-10-17,200.0,180.0
2018-10-16,200.0,180.0
2018-10-15,200.0,180.0
2018-10-14,200.0,180.0
2018-10-13,200.0,180.0
2018-10-12,250.0,225.0
2018-10-11,250.0,225.0
2018-10-10,200.0,180.0
2018-10-09,200.0,180.0
2018-10-08,200.0,180.0
2018-10-07,200.0,180.0
2018-10-06,200.0,180.0
2018-09-10,242.0,217.8
2018-09-09,242.0,217.8
2018-09-08,242.0,217.8
2018-09-07,302.0,271.8
2018-09-06,302.0,271.8
2018-09-05,242.0,217.8
2018-09-04,242.0,217.8
2018-09-03,242.0,217.8
2018-09-02,242.0,217.8
2018-09-01,242.0,217.8
2018-08-31,302.0,271.8
2018-08-30,302.0,271.8
2018-08-29,242.0,217.8
2018-08-28,242.0,217.8
2018-08-27,242.0,217.8
2018-08-26,242.0,217.8
2018-08-25,242.0,217.8
2018-08-24,302.0,271.8
2018-08-23,302.0,271.8
2018-08-22,242.0,217.8
2018-08-21,242.0,217.8
2018-08-20,242.0,217.8
2018-08-19,242.0,217.8
2018-08-18,242.0,217.8
2018-08-17,302.0,271.8
2018-08-16,302.0,271.8
2018-04-30,,
2018-04-29,,
2018-04-28,,
2018-04-27,,
2018-04-26,,
2018-04-25,,
2018-04-24,,
2018-04-23,,
2018-04-22,,
2018-04-21,,
2018-04-20,,
2018-04-19,,
2018-04-18,,
2018-04-17,,
2018-04-16,,
2018-04-15,,
2018-04-14,,
2018-04-13,,
2018-04-12,,
2018-04-11,,
2018-04-10,,
2018-04-09,,
2018-04-08,,
2018-04-07,,
2018-04-06,,
2018-04-05,,
2018-04-04,,
2018-04-03,,
2018-04-02,,
2018-04-01,,
2018-03-31,,
2018-03-30,,
2018-03-29,,
2018-03-28,,
2018-03-27,,
2018-03-26,,
2018-03-25,,
2018-03-24,,
2018-03-23,,
2018-03-22,,
2018-03-21,,
2018-03-20,,
2018-03-19,,
2018-03-18,,
2018-03-17,,
2018-03-16,,
2018-03-15,,
2018-03-14,,
2018-03-13,,
2018-03-12,,
2018-03-11,,
2018-03-10,,
2018-03-09,,
2018-03-08,,
2018-03-07,,
2018-03-06,,
2018-03-05,,
2018-03-04,,
2018-03-03,,
2018-03-02,,
2018-03-01,,
2018-02-28,,
2018-02-27,,
2018-02-26,,
2018-02-25,,
2018-02-24,,
2018-02-23,,
2018-02-22,,
2018-02-21,,
2018-02-20,,
2018-02-19,,
2018-02-18,,
2018-02-17,,
2018-02-16,,
2018-02-15,,
2018-02-14,,
2018-02-13,,
2018-02-12,,
2018-02-11,,
2018-02-10,,
2018-02-09,,
2018-02-08,,
2018-02-07,,
2018-02-06,,
2018-02-05,,
2018-02-04,,
2018-02-03,,
2018-02-02,,
2018-02-01,,
2018-01-31,,
2018-01-30,,
2018-01-29,,
2018-01-28,,
2018-01-27,,
2018-01-26,,
2018-01-25,,
2018-01-24,,
2018-01-23,,
2018-01-22,,
2018-01-21,,
2018-01-20,,
2018-01-19,,
2018-01-18,,
2018-01-17,,
2018-01-16,,
2018-01-15,,
2018-01-14,,
2018-01-13,,
2018-01-12,,
2018-01-11,,
2018-01-10,,
2018-01-09,,
2018-01-08,,
2018-01-07,,
2018-01-06,,
2018-01-05,,
2018-01-04,,
2018-01-03,,
2018-01-02,,
2018-01-01,,
2017-12-31,40.0,36.0
2017-12-30,40.0,36.0
2017-12-29,,
2017-12-28,,
2017-12-27,,
2017-12-26,,
2017-12-25,,
2017-12-24,,
2017-12-23,,
2017-12-22,,
2017-12-21,,
2017-12-20,,
2017-12-19,,
2017-12-18,,
2017-12-17,,
2017-12-16,,
2017-12-15,,
2017-12-14,,
2017-12-13,,
2017-12-12,,
2017-12-11,,
2017-12-10,,
2017-12-09,,
2017-12-08,,
2017-12-07,,
2017-12-06,,
2017-12-05,,
2017-12-04,,
2017-12-03,,
2017-12-02,,
2017-12-01,,
2017-11-30,,
2017-11-29,,
2017-11-28,,
2017-11-27,,
2017-11-26,,
2017-11-25,,
2017-11-24,,
2017-11-23,,
2017-11-22,,
2017-11-21,,
2017-11-20,,
2017-11-19,,
2017-11-18,,
2017-11-17,,
2017-11-16,,
2017-11-15,,
2017-11-14,,
2017-11-13,,
2017-11-12,,
2017-11-11,,
2017-11-10,,
2017-11-09,40.0,36.0
2017-11-08,,
2017-11-07,,
2018-11-06,,
2018-11-05,,
2018-11-04,,
2018-11-03,,
2018-11-02,,
2018-11-01,,
2018-10-31,,
2018-10-30,,
2018-10-29,,
2018-10-28,,
2018-10-27,,
2018-10-26,,
2018-10-25,,
2018-10-24,,
2018-10-23,,
2018-10-22,,
2018-10-21,,
2018-10-20,,
2018-10-19,,
2018-10-18,,
2018-10-17,,
2018-10-16,,
2018-10-15,,
2018-10-14,,
2018-10-13,,
2018-10-12,,
2018-10-11,,
2018-10-10,,
2018-10-09,,
2018-10-08,,
2018-10-07,,
2018-10-06,,
2018-10-05,,
2018-10-04,,
2018-10-03,,
2018-10-02,,
2018-10-01,,
2018-09-30,180.0,162.0
2018-09-29,180.0,162.0
2018-09-28,180.0,162.0
2018-09-27,180.0,162.0
2018-09-26,180.0,162.0
2018-09-25,180.0,162.0
2018-09-24,180.0,162.0
2018-09-23,180.0,162.0
2018-09-22,180.0,162.0
2018-09-21,180.0,162.0
2018-09-20,180.0,162.0
2018-09-19,180.0,162.0
2018-09-18,180.0,162.0
2018-09-17,180.0,162.0
2018-09-16,180.0,162.0
2018-09-15,180.0,162.0
2018-09-14,180.0,162.0
2018-09-13,180.0,162.0
2018-09-12,180.0,162.0
2018-09-11,180.0,162.0
2018-09-10,180.0,162.0
2018-09-09,180.0,162.0
2018-09-08,180.0,162.0
2018-09-07,180.0,162.0
2018-09-06,180.0,162.0
2018-08-19,180.0,162.0
2018-08-18,180.0,162.0
2018-08-17,180.0,162.0
2018-08-16,180.0,162.0
2018-08-15,180.0,162.0
2018-08-14,180.0,162.0
2018-08-13,180.0,162.0
2018-08-12,180.0,162.0
2018-08-11,180.0,162.0
2018-08-10,180.0,162.0
2018-08-09,180.0,162.0
2018-08-08,180.0,162.0
2018-08-07,180.0,162.0
2018-08-06,180.0,162.0
2018-08-05,180.0,162.0
2018-08-04,180.0,162.0
2018-08-03,180.0,162.0
2018-08-02,180.0,162.0
2018-08-01,180.0,162.0
2018-07-31,145.0,130.5
2018-07-30,145.0,130.5
2018-07-29,145.0,130.5
2018-07-28,145.0,130.5
2018-07-27,145.0,130.5
2018-07-26,145.0,130.5
2018-07-25,145.0,130.5
2018-07-24,145.0,130.5
2018-07-23,145.0,130.5
2018-07-22,145.0,130.5
2018-07-21,145.0,130.5
2018-07-20,145.0,130.5
2018-07-19,145.0,130.5
2018-07-18,145.0,130.5
2018-07-17,145.0,130.5
2018-07-16,145.0,130.5
2018-07-15,145.0,130.5
2018-07-14,145.0,130.5
2018-07-13,145.0,130.5
2018-07-12,145.0,130.5
2018-07-11,145.0,130.5
2018-07-10,145.0,130.5
2018-07-09,145.0,130.5
2018-07-08,145.0,130.5
2018-07-07,145.0,130.5
2018-07-06,145.0,130.5
2018-07-05,145.0,130.5
2018-07-04,145.0,130.5
2018-07-03,145.0,130.5
2018-07-02,145.0,130.5
2018-07-01,145.0,130.5
2018-06-30,145.0,130.5
2018-06-29,145.0,130.5
2018-06-28,145.0,130.5
2018-06-27,145.0,130.5
2018-06-26,145.0,130.5
2018-06-25,145.0,130.5
2018-06-24,145.0,130.5
2018-06-23,145.0,130.5
2018-06-22,145.0,130.5
2018-06-21,145.0,130.5
2018-06-20,145.0,130.5
2018-06-19,145.0,130.5
2018-06-18,145.0,130.5
2018-06-17,145.0,130.5
2018-06-16,145.0,130.5
2018-06-15,145.0,130.5
2018-06-14,145.0,130.5
2018-06-13,145.0,130.5
2018-06-12,145.0,130.5
2018-06-11,145.0,130.5
2018-06-10,145.0,130.5
2018-06-09,145.0,130.5
2018-06-08,145.0,130.5
2018-06-07,145.0,130.5
2018-06-06,145.0,130.5
2018-06-05,145.0,130.5
2018-06-04,145.0,130.5
2018-06-03,145.0,130.5
2018-06-02,145.0,130.5
2018-06-01,145.0,130.5
2018-05-31,145.0,130.5
2018-05-30,145.0,130.5
2018-05-29,145.0,130.5
2018-05-28,145.0,130.5
2018-05-27,145.0,130.5
2018-05-26,145.0,130.5
2018-05-25,145.0,130.5
2018-05-24,145.0,130.5
2018-05-23,145.0,130.5
2018-05-22,145.0,130.5
2018-05-21,145.0,130.5
2018-05-20,145.0,130.5
2018-05-19,145.0,130.5
2018-05-18,145.0,130.5
2018-05-17,145.0,130.5
2018-05-16,145.0,130.5
2018-05-15,145.0,130.5
2018-05-14,145.0,130.5
2018-05-13,145.0,130.5
2018-05-12,145.0,130.5
2018-05-11,145.0,130.5
2018-05-10,145.0,130.5
2018-05-09,145.0,130.5
2018-05-08,145.0,130.5
2018-05-07,145.0,130.5
2018-05-06,145.0,130.5
2018-05-05,145.0,130.5
2018-05-04,145.0,130.5
2018-05-03,145.0,130.5
2018-05-02,145.0,130.5
2018-05-01,145.0,130.5
2018-04-30,145.0,130.5
2018-04-29,145.0,130.5
2018-04-28,145.0,130.5
2018-04-27,145.0,130.5
2018-04-26,145.0,130.5
2018-04-25,145.0,130.5
2018-04-24,145.0,130.5
2018-04-23,145.0,130.5
2018-04-22,145.0,130.5
2018-04-21,145.0,130.5
2018-04-20,145.0,130.5
2018-04-19,145.0,130.5
2018-04-18,145.0,130.5
2018-04-17,145.0,130.5
2018-04-16,145.0,130.5
2018-04-15,145.0,130.5
2018-04-14,145.0,130.5
2018-04-13,145.0,130.5
2018-04-12,145.0,130.5
2018-04-11,145.0,130.5
2018-04-10,145.0,130.5
2018-04-09,145.0,130.5
2018-04-08,145.0,130.5
2018-04-07,145.0,130.5
2018-04-06,145.0,130.5
2018-04-05,145.0,130.5
2018-04-04,145.0,130.5
2018-04-03,145.0,130.5
2018-04-02,145.0,130.5
2018-04-01,145.0,130.5
2018-03-31,145.0,130.5
2018-03-30,145.0,130.5
2018-03-29,145.0,130.5
2018-03-28,145.0,130.5
2018-03-27,145.0,130.5
2018-03-26,145.0,130.5
2018-03-25,145.0,130.5
2018-03-24,145.0,130.5
2018-03-23,145.0,130.5
2018-03-22,145.0,130.5
2018-03-21,145.0,130.5
2018-03-20,145.0,130.5
2018-03-19,145.0,130.5
2018-03-18,145.0,130.5
2018-03-17,145.0,130.5
2018-03-16,145.0,130.5
2018-03-15,145.0,130.5
2018-03-14,145.0,130.5
2018-03-13,145.0,130.5
2018-03-12,145.0,130.5
2018-03-11,145.0,130.5
2018-03-10,145.0,130.5
2018-03-09,145.0,130.5
2018-03-08,145.0,130.5
2018-03-07,145.0,130.5
2018-03-06,145.0,130.5
2018-03-05,145.0,130.5
2018-03-04,145.0,130.5
2018-03-03,200.0,180.0
2018-03-02,200.0,180.0
2018-03-01,200.0,180.0
2018-02-28,540.0,486.0
2018-02-27,540.0,486.0
2018-02-26,540.0,486.0
2018-02-25,540.0,486.0
2018-02-24,97.0,87.3
2018-02-23,97.0,87.3
2018-02-22,97.0,87.3
2018-02-21,97.0,87.3
2018-09-05,180.0,162.0
2018-09-04,180.0,162.0
2018-09-03,180.0,162.0
2018-09-02,180.0,162.0
2018-09-01,180.0,162.0
2018-08-31,180.0,162.0
2018-08-30,180.0,162.0
2018-08-29,180.0,162.0
2018-08-28,180.0,162.0
2018-08-27,180.0,162.0
2018-08-26,180.0,162.0
2018-08-25,180.0,162.0
2018-08-24,180.0,162.0
2018-08-23,180.0,162.0
2018-08-22,180.0,162.0
2018-08-21,180.0,162.0
2018-08-20,180.0,162.0
2018-02-20,97.0,87.3
2018-02-19,97.0,87.3
2018-02-18,97.0,87.3
2018-02-17,97.0,87.3
2018-02-16,97.0,87.3
2018-02-15,97.0,87.3
2018-02-14,97.0,87.3
2018-02-13,97.0,87.3
2018-02-12,97.0,87.3
2018-02-11,97.0,87.3
2018-02-10,97.0,87.3
2018-02-09,97.0,87.3
2018-02-08,97.0,87.3
2018-02-07,97.0,87.3
2018-02-06,97.0,87.3
2018-02-05,97.0,87.3
2018-02-04,97.0,87.3
2018-02-03,97.0,87.3
2018-02-02,85.0,76.5
2018-02-01,91.0,81.9
2018-01-31,88.0,79.2
2018-01-30,88.0,79.2
2018-01-29,88.0,79.2
2018-01-28,88.0,79.2
2018-01-27,88.0,79.2
2018-01-26,88.0,79.2
2018-01-25,88.0,79.2
2018-01-24,88.0,79.2
2018-01-23,88.0,79.2
2018-01-22,88.0,79.2
2018-01-21,88.0,79.2
2018-01-20,88.0,79.2
2018-01-19,88.0,79.2
2018-01-18,88.0,79.2
2018-01-17,88.0,79.2
2018-01-16,88.0,79.2
2018-01-15,88.0,79.2
2018-01-14,88.0,79.2
2018-01-13,88.0,79.2
2018-01-12,88.0,79.2
2018-01-11,88.0,79.2
2018-01-10,88.0,79.2
2018-01-09,88.0,79.2
2018-01-08,88.0,79.2
2018-01-07,88.0,79.2
2018-01-06,150.0,135.0
2018-01-05,150.0,135.0
2018-01-04,150.0,135.0
2018-01-03,150.0,135.0
2018-01-02,150.0,135.0
2018-01-01,150.0,135.0
2017-12-31,128.0,115.2
2017-12-30,128.0,115.2
2017-12-29,130.0,117.0
2017-12-28,120.0,108.0
2017-12-27,120.0,108.0
2017-12-26,120.0,108.0
2017-12-25,120.0,108.0
2017-12-24,120.0,108.0
2017-12-23,68.0,61.2
2017-12-22,73.0,65.7
2017-12-21,62.0,55.800000000000004
2017-12-20,53.0,47.7
2017-12-19,51.0,45.9
2017-12-18,51.0,45.9
2017-12-17,50.0,45.0
2017-12-16,51.0,45.9
2017-12-15,57.0,51.300000000000004
2017-12-14,57.0,51.300000000000004
2017-12-13,55.0,49.5
2017-12-12,49.0,44.1
2017-12-11,50.0,45.0
2017-12-10,51.0,45.9
2017-12-09,55.0,49.5
2017-12-08,64.0,57.6
2017-12-07,61.0,54.9
2017-12-06,56.0,50.4
2017-12-05,53.0,47.7
2017-12-04,52.0,46.800000000000004
2017-12-03,50.0,45.0
2017-12-02,55.0,49.5
2017-12-01,62.0,55.800000000000004
2017-11-30,61.0,54.9
2017-11-29,56.0,50.4
2017-11-28,52.0,46.800000000000004
2017-11-27,50.0,45.0
2017-11-26,51.0,45.9
2017-11-25,54.0,48.6
2017-11-24,63.0,56.7
2017-11-23,63.0,56.7
2017-11-22,58.0,52.2
2017-11-21,55.0,49.5
2017-11-20,54.0,48.6
2017-11-19,54.0,48.6
2017-11-18,56.0,50.4
2017-11-17,63.0,56.7
2017-11-16,64.0,57.6
2017-11-15,50.0,45.0
2017-11-14,50.0,45.0
2017-11-13,50.0,45.0
2017-11-12,50.0,45.0
2017-11-11,,
2017-11-10,,
2017-11-09,,
2017-11-08,,
2017-11-07,,
2018-08-10,,
2018-08-09,,
2018-08-08,,
2018-08-07,,
2018-08-06,,
2018-08-05,,
2018-08-04,,
2018-08-03,,
2018-08-02,,
2018-08-01,,
2018-01-16,62.0,55.800000000000004
2018-01-15,62.0,55.800000000000004
2018-01-14,62.0,55.800000000000004
2018-01-13,62.0,55.800000000000004
2018-01-12,62.0,55.800000000000004
2018-01-11,62.0,55.800000000000004
2018-01-10,62.0,55.800000000000004
2018-01-09,62.0,55.800000000000004
2018-01-08,62.0,55.800000000000004
2018-01-07,62.0,55.800000000000004
2018-01-06,,
2018-01-05,,
2018-01-04,,
2018-01-03,,
2018-01-02,,
2018-01-01,,
2017-12-31,,
2017-12-30,,
2017-12-29,,
2017-12-28,132.0,118.8
2017-12-27,120.0,108.0
2017-12-26,120.0,108.0
2017-12-25,120.0,108.0
2017-12-24,120.0,108.0
2017-12-23,120.0,108.0
2017-12-22,120.0,108.0
2017-12-21,120.0,108.0
2017-12-20,114.0,102.60000000000001
2017-12-19,83.0,74.7
2017-12-18,83.0,74.7
2017-12-17,83.0,74.7
2017-12-16,83.0,74.7
2017-12-15,83.0,74.7
2017-12-14,83.0,74.7
2017-12-13,83.0,74.7
2017-12-12,83.0,74.7
2017-12-11,83.0,74.7
2017-12-10,83.0,74.7
2017-12-09,83.0,74.7
2017-12-08,83.0,74.7
2017-12-07,83.0,74.7
2017-12-06,83.0,74.7
2017-12-05,83.0,74.7
2017-12-04,83.0,74.7
2017-12-03,83.0,74.7
2017-12-02,83.0,74.7
2017-12-01,,
2017-11-30,,
2017-11-29,,
2017-11-28,83.0,74.7
2017-11-27,83.0,74.7
2017-11-26,83.0,74.7
2017-11-25,83.0,74.7
2017-11-24,,
2017-11-23,,
2017-11-22,,
2017-11-21,,
2017-11-20,,
2017-11-19,,
2017-11-18,,
2017-11-17,,
2017-11-16,,
2017-11-15,,
2017-11-14,,
2017-11-13,83.0,74.7
2017-11-12,83.0,74.7
2017-11-11,83.0,74.7
2017-11-10,,
2017-11-09,,
2017-11-08,73.0,65.7
2017-11-07,73.0,65.7
2018-11-06,33.0,29.7
2018-11-05,33.0,29.7
2018-11-04,33.0,29.7
2018-11-03,33.0,29.7
2018-11-02,35.0,31.5
2018-11-01,35.0,31.5
2018-10-31,33.0,29.7
2018-10-30,33.0,29.7
2018-10-29,33.0,29.7
2018-10-28,33.0,29.7
2018-10-27,33.0,29.7
2018-10-26,35.0,31.5
2018-10-25,35.0,31.5
2018-10-24,33.0,29.7
2018-10-23,33.0,29.7
2018-10-22,33.0,29.7
2018-10-21,33.0,29.7
2018-10-20,33.0,29.7
2018-10-19,35.0,31.5
2018-10-18,35.0,31.5
2018-10-17,33.0,29.7
2018-10-16,33.0,29.7
2018-10-15,33.0,29.7
2018-10-14,33.0,29.7
2018-10-13,33.0,29.7
2018-10-12,35.0,31.5
2018-10-11,35.0,31.5
2018-10-10,33.0,29.7
2018-10-09,33.0,29.7
2018-10-08,33.0,29.7
2018-10-07,33.0,29.7
2018-10-06,33.0,29.7
2018-10-05,35.0,31.5
2018-10-04,35.0,31.5
2018-10-03,33.0,29.7
2018-10-02,33.0,29.7
2018-10-01,33.0,29.7
2018-09-30,33.0,29.7
2018-09-29,33.0,29.7
2018-09-28,35.0,31.5
2018-09-27,35.0,31.5
2018-08-19,33.0,29.7
2018-08-18,33.0,29.7
2018-08-17,35.0,31.5
2018-08-16,35.0,31.5
2018-08-15,33.0,29.7
2018-08-14,33.0,29.7
2018-08-13,33.0,29.7
2018-08-12,33.0,29.7
2018-08-11,33.0,29.7
2018-08-10,35.0,31.5
2018-08-09,35.0,31.5
2018-08-08,33.0,29.7
2018-08-07,33.0,29.7
2018-08-06,33.0,29.7
2018-08-05,33.0,29.7
2018-08-04,33.0,29.7
2018-08-03,35.0,31.5
2018-08-02,35.0,31.5
2018-08-01,33.0,29.7
2018-07-31,33.0,29.7
2018-07-30,33.0,29.7
2018-07-29,33.0,29.7
2018-07-28,33.0,29.7
2018-07-27,35.0,31.5
2018-07-26,35.0,31.5
2018-07-25,33.0,29.7
2018-07-24,33.0,29.7
2018-07-23,33.0,29.7
2018-07-22,33.0,29.7
2018-07-21,33.0,29.7
2018-07-20,35.0,31.5
2018-07-19,35.0,31.5
2018-07-18,33.0,29.7
2018-07-17,33.0,29.7
2018-07-16,33.0,29.7
2018-07-15,33.0,29.7
2018-07-14,33.0,29.7
2018-07-13,35.0,31.5
2018-07-12,35.0,31.5
2018-07-11,33.0,29.7
2018-07-10,33.0,29.7
2018-07-09,33.0,29.7
2018-07-08,33.0,29.7
2018-07-07,33.0,29.7
2018-07-06,35.0,31.5
2018-07-05,35.0,31.5
2018-07-04,33.0,29.7
2018-07-03,33.0,29.7
2018-07-02,33.0,29.7
2018-07-01,33.0,29.7
2018-06-30,33.0,29.7
2018-06-29,35.0,31.5
2018-06-28,35.0,31.5
2018-06-27,33.0,29.7
2018-06-26,33.0,29.7
2018-06-25,33.0,29.7
2018-06-24,33.0,29.7
2018-06-23,33.0,29.7
2018-06-22,35.0,31.5
2018-06-21,35.0,31.5
2018-06-20,33.0,29.7
2018-06-19,33.0,29.7
2018-06-18,33.0,29.7
2018-06-17,33.0,29.7
2018-06-16,33.0,29.7
2018-06-15,35.0,31.5
2018-06-14,35.0,31.5
2018-06-13,33.0,29.7
2018-06-12,33.0,29.7
2018-06-11,33.0,29.7
2018-06-10,33.0,29.7
2018-06-09,33.0,29.7
2018-06-08,35.0,31.5
2018-06-07,35.0,31.5
2018-06-06,33.0,29.7
2018-06-05,33.0,29.7
2018-06-04,33.0,29.7
2018-06-03,33.0,29.7
2018-06-02,33.0,29.7
2018-06-01,35.0,31.5
2018-05-31,35.0,31.5
2018-05-30,33.0,29.7
2018-05-29,33.0,29.7
2018-05-28,33.0,29.7
2018-05-27,33.0,29.7
2018-05-26,33.0,29.7
2018-05-25,35.0,31.5
2018-05-24,35.0,31.5
2018-05-23,33.0,29.7
2018-05-22,33.0,29.7
2018-05-21,33.0,29.7
2018-05-20,33.0,29.7
2018-05-19,33.0,29.7
2018-05-18,35.0,31.5
2018-05-17,35.0,31.5
2018-05-16,33.0,29.7
2018-05-15,33.0,29.7
2018-05-14,33.0,29.7
2018-05-13,33.0,29.7
2018-05-12,33.0,29.7
2018-05-11,35.0,31.5
2018-05-10,35.0,31.5
2018-05-09,33.0,29.7
2018-05-08,33.0,29.7
2018-05-07,33.0,29.7
2018-05-06,33.0,29.7
2018-05-05,33.0,29.7
2018-05-04,35.0,31.5
2018-05-03,35.0,31.5
2018-05-02,33.0,29.7
2018-05-01,33.0,29.7
2018-04-30,33.0,29.7
2018-04-29,33.0,29.7
2018-04-28,33.0,29.7
2018-04-27,35.0,31.5
2018-04-26,35.0,31.5
2018-04-25,33.0,29.7
2018-04-24,33.0,29.7
2018-04-23,,
2018-04-22,,
2018-04-21,33.0,29.7
2018-04-20,35.0,31.5
2018-04-19,35.0,31.5
2018-04-18,33.0,29.7
2018-04-17,33.0,29.7
2018-04-16,33.0,29.7
2018-04-15,33.0,29.7
2018-04-14,,
2018-04-13,,
2018-04-12,,
2018-04-11,,
2018-04-10,,
2018-04-09,,
2018-04-08,,
2018-04-07,,
2018-04-06,,
2018-04-05,,
2018-04-04,,
2018-04-03,,
2018-04-02,,
2018-04-01,,
2018-03-31,,
2018-03-30,,
2018-03-29,,
2018-03-28,,
2018-03-27,,
2018-03-26,,
2018-03-25,,
2018-03-24,,
2018-03-23,,
2018-03-22,,
2018-03-21,,
2018-03-20,,
2018-03-19,,
2018-03-18,,
2018-03-17,,
2018-03-16,,
2018-03-15,,
2018-03-14,,
2018-03-13,,
2018-03-12,,
2018-03-11,,
2018-03-10,,
2018-03-09,,
2018-03-08,,
2018-03-07,,
2018-03-06,,
2018-03-05,,
2018-03-04,,
2018-03-03,,
2018-03-02,,
2018-03-01,,
2018-02-28,,
2018-02-27,,
2018-02-26,,
2018-02-25,,
2018-02-24,33.0,29.7
2018-02-23,35.0,31.5
2018-02-22,35.0,31.5
2018-02-21,33.0,29.7
2018-02-20,33.0,29.7
2018-02-19,33.0,29.7
2018-02-18,33.0,29.7
2018-02-17,33.0,29.7
2018-02-16,35.0,31.5
2018-02-15,35.0,31.5
2018-02-14,33.0,29.7
2018-02-13,33.0,29.7
2018-02-12,33.0,29.7
2018-02-11,33.0,29.7
2018-02-10,33.0,29.7
2018-02-09,35.0,31.5
2018-02-08,35.0,31.5
2018-02-07,33.0,29.7
2018-02-06,33.0,29.7
2018-02-05,33.0,29.7
2018-09-26,33.0,29.7
2018-09-25,33.0,29.7
2018-09-24,33.0,29.7
2018-09-23,33.0,29.7
2018-09-22,33.0,29.7
2018-09-21,35.0,31.5
2018-09-20,35.0,31.5
2018-09-19,33.0,29.7
2018-09-18,33.0,29.7
2018-09-17,33.0,29.7
2018-09-16,33.0,29.7
2018-09-15,33.0,29.7
2018-09-14,35.0,31.5
2018-09-13,35.0,31.5
2018-09-12,33.0,29.7
2018-09-11,33.0,29.7
2018-09-10,33.0,29.7
2018-09-09,33.0,29.7
2018-09-08,33.0,29.7
2018-09-07,35.0,31.5
2018-09-06,35.0,31.5
2018-09-05,33.0,29.7
2018-09-04,33.0,29.7
2018-09-03,33.0,29.7
2018-09-02,33.0,29.7
2018-09-01,33.0,29.7
2018-08-31,35.0,31.5
2018-08-30,35.0,31.5
2018-08-29,33.0,29.7
2018-08-28,33.0,29.7
2018-08-27,33.0,29.7
2018-08-26,33.0,29.7
2018-08-25,33.0,29.7
2018-08-24,35.0,31.5
2018-08-23,35.0,31.5
2018-08-22,33.0,29.7
2018-08-21,33.0,29.7
2018-08-20,33.0,29.7
2018-02-04,33.0,29.7
2018-02-03,33.0,29.7
2018-02-02,35.0,31.5
2018-02-01,35.0,31.5
2018-01-31,33.0,29.7
2018-01-30,33.0,29.7
2018-01-29,33.0,29.7
2018-01-28,33.0,29.7
2018-01-27,33.0,29.7
2018-01-26,35.0,31.5
2018-01-25,35.0,31.5
2018-01-24,33.0,29.7
2018-01-23,33.0,29.7
2018-01-22,33.0,29.7
2018-01-21,33.0,29.7
2018-01-20,33.0,29.7
2018-01-19,35.0,31.5
2018-01-18,35.0,31.5
2018-01-17,33.0,29.7
2018-01-16,33.0,29.7
2018-01-15,33.0,29.7
2018-01-14,33.0,29.7
2018-01-13,33.0,29.7
2018-01-12,35.0,31.5
2018-01-11,35.0,31.5
2018-01-10,33.0,29.7
2018-01-09,33.0,29.7
2018-01-08,33.0,29.7
2018-01-07,33.0,29.7
2018-01-06,33.0,29.7
2018-01-05,35.0,31.5
2018-01-04,35.0,31.5
2018-01-03,33.0,29.7
2018-01-02,,
2018-01-01,,
2017-12-31,,
2017-12-30,,
2017-12-29,35.0,31.5
2017-12-28,35.0,31.5
2017-12-27,33.0,29.7
2017-12-26,33.0,29.7
2017-12-25,33.0,29.7
2017-12-24,,
2017-12-23,,
2017-12-22,35.0,31.5
2017-12-21,35.0,31.5
2017-12-20,33.0,29.7
2017-12-19,33.0,29.7
2017-12-18,33.0,29.7
2017-12-17,33.0,29.7
2017-12-16,33.0,29.7
2017-12-15,35.0,31.5
2017-12-14,35.0,31.5
2017-12-13,33.0,29.7
2017-12-12,33.0,29.7
2017-12-11,33.0,29.7
2017-12-10,33.0,29.7
2017-12-09,33.0,29.7
2017-12-08,35.0,31.5
2017-12-07,35.0,31.5
2017-12-06,33.0,29.7
2017-12-05,33.0,29.7
2017-12-04,33.0,29.7
2017-12-03,33.0,29.7
2017-12-02,33.0,29.7
2017-12-01,35.0,31.5
2017-11-30,27.0,24.3
2017-11-29,25.0,22.5
2017-11-28,25.0,22.5
2017-11-27,25.0,22.5
2017-11-26,25.0,22.5
2017-11-25,23.0,20.7
2017-11-24,25.0,22.5
2017-11-23,25.0,22.5
2017-11-22,23.0,20.7
2017-11-21,23.0,20.7
2017-11-20,23.0,20.7
2017-11-19,23.0,20.7
2017-11-18,22.0,19.8
2017-11-17,,
2017-11-16,,
2017-11-15,24.0,21.6
2017-11-14,22.0,19.8
2017-11-13,20.0,18.0
2017-11-12,,
2017-11-11,,
2017-11-10,,
2017-11-09,,
2017-11-08,,
2017-11-07,,
2018-08-15,242.0,217.8
2018-08-14,242.0,217.8
2018-08-13,242.0,217.8
2018-08-12,242.0,217.8
2018-08-11,242.0,217.8
2018-08-10,376.0,338.40000000000003
2018-08-09,376.0,338.40000000000003
2018-08-08,301.0,270.90000000000003
2018-08-07,301.0,270.90000000000003
2018-08-06,301.0,270.90000000000003
2018-08-05,301.0,270.90000000000003
2018-08-04,301.0,270.90000000000003
2018-08-03,376.0,338.40000000000003
2018-08-02,376.0,338.40000000000003
2018-08-01,242.0,217.8
2018-07-31,242.0,217.8
2018-07-30,242.0,217.8
2018-07-29,242.0,217.8
2018-07-28,242.0,217.8
2018-07-27,302.0,271.8
2018-07-26,302.0,271.8
2018-07-25,242.0,217.8
2018-07-24,242.0,217.8
2018-07-23,242.0,217.8
2018-07-22,242.0,217.8
2018-07-21,242.0,217.8
2018-11-06,,
2018-11-05,,
2018-11-04,,
2018-11-03,,
2018-11-02,,
2018-11-01,,
2018-10-31,,
2018-10-30,,
2018-10-29,,
2018-10-28,,
2018-10-27,,
2018-10-26,,
2018-10-25,,
2018-10-24,,
2018-10-23,,
2018-10-22,,
2018-10-21,,
2018-10-20,,
2018-10-19,,
2018-10-18,,
2018-10-17,,
2018-10-16,,
2018-10-15,,
2018-10-14,,
2018-10-13,,
2018-10-12,,
2018-10-11,,
2018-10-10,,
2018-10-09,,
2018-10-08,,
2018-10-07,,
2018-10-06,,
2018-10-05,,
2018-10-04,,
2018-10-03,,
2018-10-02,,
2018-10-01,,
2018-09-30,,
2018-09-29,,
2018-09-28,,
2018-09-27,,
2018-09-26,,
2018-09-25,,
2018-09-24,,
2018-09-23,,
2018-09-22,,
2018-09-21,,
2018-09-20,,
2018-09-19,,
2018-09-18,,
2018-09-17,,
2018-09-16,,
2018-09-15,,
2018-09-14,,
2018-09-13,,
2018-09-12,,
2018-09-11,,
2018-09-10,,
2018-09-09,,
2018-09-08,,
2018-09-07,,
2018-09-06,,
2018-09-05,,
2018-09-04,,
2018-09-03,,
2018-09-02,,
2018-09-01,,
2018-08-31,,
2018-08-30,,
2018-08-29,,
2018-08-28,,
2018-08-27,,
2018-08-26,,
2018-08-25,,
2018-08-24,,
2018-08-23,,
2018-08-22,,
2018-08-21,,
2018-08-20,,
2018-08-19,,
2018-08-18,,
2018-08-17,,
2018-08-16,,
2018-08-15,,
2018-08-14,,
2018-08-13,,
2018-08-12,,
2018-08-11,,
2018-08-10,,
2018-08-09,,
2018-08-08,,
2018-08-07,,
2018-08-06,,
2018-08-05,,
2018-08-04,,
2018-08-03,,
2018-08-02,,
2018-08-01,,
2018-07-31,,
2018-07-30,,
2018-07-29,,
2018-07-28,,
2018-07-27,,
2018-07-26,,
2018-07-25,,
2018-07-24,,
2018-07-23,,
2018-07-22,,
2018-07-21,,
2018-07-20,,
2018-07-19,,
2018-07-18,,
2018-07-17,,
2018-07-16,,
2018-07-15,,
2018-07-14,,
2018-07-13,,
2018-07-12,,
2018-07-11,,
2018-07-10,,
2018-07-09,,
2018-07-08,,
2018-07-07,,
2018-07-06,,
2018-07-05,,
2018-07-04,,
2018-07-03,,
2018-07-02,,
2018-07-01,,
2018-06-30,,
2018-06-29,,
2018-06-28,,
2018-06-27,,
2018-06-26,,
2018-06-25,,
2018-06-24,,
2018-06-23,,
2018-06-22,,
2018-06-21,,
2018-06-20,,
2018-06-19,,
2018-06-18,,
2018-06-17,,
2018-06-16,,
2018-06-15,,
2018-06-14,,
2018-06-13,,
2018-06-12,,
2018-06-11,,
2018-06-10,,
2018-06-09,,
2018-06-08,,
2018-06-07,,
2018-06-06,,
2018-06-05,,
2018-06-04,,
2018-06-03,,
2018-06-02,,
2018-06-01,,
2018-05-31,,
2018-05-30,,
2018-05-29,,
2018-05-28,,
2018-05-27,,
2018-05-26,,
2018-05-25,,
2018-05-24,,
2018-05-23,,
2018-05-22,,
2018-05-21,,
2018-05-20,,
2018-05-19,,
2018-05-18,,
2018-05-17,,
2018-05-16,,
2018-05-15,,
2018-05-14,,
2018-05-13,,
2018-05-12,,
2018-05-11,,
2018-05-10,,
2018-05-09,,
2018-05-08,,
2018-05-07,,
2018-05-06,,
2018-05-05,31.0,27.900000000000002
2018-05-04,31.0,27.900000000000002
2018-05-03,31.0,27.900000000000002
2018-05-02,31.0,27.900000000000002
2018-05-01,31.0,27.900000000000002
2018-04-30,31.0,27.900000000000002
2018-04-29,31.0,27.900000000000002
2018-04-28,31.0,27.900000000000002
2018-04-27,31.0,27.900000000000002
2018-04-26,31.0,27.900000000000002
2018-04-25,31.0,27.900000000000002
2018-04-24,31.0,27.900000000000002
2018-04-23,31.0,27.900000000000002
2018-04-22,31.0,27.900000000000002
2018-04-21,31.0,27.900000000000002
2018-04-20,31.0,27.900000000000002
2018-04-19,31.0,27.900000000000002
2018-04-18,31.0,27.900000000000002
2018-04-17,31.0,27.900000000000002
2018-04-16,31.0,27.900000000000002
2018-04-15,,
2018-04-14,,
2018-04-13,,
2018-04-12,,
2018-04-11,,
2018-04-10,,
2018-04-09,,
2018-04-08,,
2018-04-07,,
2018-04-06,,
2018-04-05,,
2018-04-04,,
2018-04-03,,
2018-04-02,,
2018-04-01,,
2018-03-31,,
2018-03-30,,
2018-03-29,,
2018-03-28,,
2018-03-27,,
2018-03-26,,
2018-03-25,,
2018-03-24,,
2018-03-23,,
2018-03-22,,
2018-03-21,,
2018-03-20,,
2018-03-19,,
2018-03-18,,
2018-03-17,,
2018-03-16,,
2018-03-15,,
2018-03-14,,
2018-03-13,,
2018-03-12,,
2018-03-11,,
2018-03-10,,
2018-03-09,,
2018-03-08,,
2018-03-07,,
2018-03-06,,
2018-03-05,,
2018-03-04,,
2018-03-03,,
2018-03-02,,
2018-03-01,,
2018-02-28,,
2018-02-27,,
2018-02-26,,
2018-02-25,,
2018-02-24,,
2018-02-23,,
2018-02-22,,
2018-02-21,,
2018-02-20,,
2018-02-19,,
2018-02-18,,
2018-02-17,,
2018-02-16,,
2018-02-15,,
2018-02-14,,
2018-02-13,,
2018-02-12,,
2018-02-11,,
2018-02-10,,
2018-02-09,,
2018-02-08,,
2018-02-07,,
2018-02-06,,
2018-02-05,,
2018-02-04,,
2018-02-03,,
2018-02-02,,
2018-02-01,,
2018-01-31,,
2018-01-30,,
2018-01-29,,
2018-01-28,,
2018-01-27,,
2018-01-26,,
2018-01-25,,
2018-01-24,,
2018-01-23,,
2018-01-22,,
2018-01-21,,
2018-01-20,,
2018-01-19,,
2018-01-18,,
2018-01-17,,
2018-01-16,,
2018-01-15,,
2018-01-14,,
2018-01-13,,
2018-01-12,,
2018-01-11,,
2018-01-10,,
2018-01-09,,
2018-01-08,,
2018-01-07,,
2018-01-06,,
2018-01-05,,
2018-01-04,,
2018-01-03,,
2018-01-02,,
2018-01-01,,
2017-12-31,,
2017-12-30,,
2017-12-29,,
2017-12-28,,
2017-12-27,,
2017-12-26,,
2017-12-25,,
2017-12-24,,
2017-12-23,,
2017-12-22,,
2017-12-21,,
2017-12-20,,
2017-12-19,,
2017-12-18,,
2017-12-17,,
2017-12-16,,
2017-12-15,,
2017-12-14,,
2017-12-13,,
2017-12-12,,
2017-12-11,,
2017-12-10,,
2017-12-09,,
2017-12-08,,
2017-12-07,,
2017-12-06,,
2017-12-05,,
2017-12-04,,
2017-12-03,,
2017-12-02,,
2017-12-01,,
2017-11-30,,
2017-11-29,31.0,27.900000000000002
2017-11-28,31.0,27.900000000000002
2017-11-27,31.0,27.900000000000002
2017-11-26,31.0,27.900000000000002
2017-11-25,31.0,27.900000000000002
2017-11-24,,
2017-11-23,,
2017-11-22,31.0,27.900000000000002
2017-11-21,31.0,27.900000000000002
2017-11-20,31.0,27.900000000000002
2017-11-19,31.0,27.900000000000002
2017-11-18,31.0,27.900000000000002
2017-11-17,,
2017-11-16,,
2017-11-15,31.0,27.900000000000002
2017-11-14,31.0,27.900000000000002
2017-11-13,31.0,27.900000000000002
2017-11-12,31.0,27.900000000000002
2017-11-11,31.0,27.900000000000002
2017-11-10,,
2017-11-09,,
2017-11-08,31.0,27.900000000000002
2017-11-07,,
2018-11-06,53.0,47.7
2018-11-05,53.0,47.7
2018-11-04,53.0,47.7
2018-11-03,53.0,47.7
2018-11-02,53.0,47.7
2018-11-01,53.0,47.7
2018-10-31,59.0,53.1
2018-10-30,59.0,53.1
2018-10-29,59.0,53.1
2018-10-28,59.0,53.1
2018-10-27,59.0,53.1
2018-10-26,59.0,53.1
2018-10-25,59.0,53.1
2018-10-24,59.0,53.1
2018-10-23,59.0,53.1
2018-10-22,59.0,53.1
2018-10-21,59.0,53.1
2018-10-20,59.0,53.1
2018-10-19,59.0,53.1
2018-10-18,59.0,53.1
2018-10-17,59.0,53.1
2018-10-16,59.0,53.1
2018-10-15,59.0,53.1
2018-10-14,59.0,53.1
2018-10-13,59.0,53.1
2018-10-12,59.0,53.1
2018-10-11,59.0,53.1
2018-10-10,,
2018-10-09,,
2018-10-08,,
2018-10-07,59.0,53.1
2018-10-06,59.0,53.1
2018-10-05,59.0,53.1
2018-10-04,59.0,53.1
2018-10-03,59.0,53.1
2018-10-02,,
2018-10-01,,
2018-09-30,,
2018-09-29,59.0,53.1
2018-09-28,59.0,53.1
2018-09-27,59.0,53.1
2018-09-26,59.0,53.1
2018-09-25,59.0,53.1
2018-09-24,59.0,53.1
2018-09-10,59.0,53.1
2018-09-09,59.0,53.1
2018-09-08,59.0,53.1
2018-09-07,,
2018-09-06,,
2018-09-05,,
2018-09-04,,
2018-09-03,,
2018-09-02,59.0,53.1
2018-09-01,59.0,53.1
2018-08-31,59.0,53.1
2018-08-30,59.0,53.1
2018-08-29,59.0,53.1
2018-08-28,59.0,53.1
2018-08-27,59.0,53.1
2018-08-26,59.0,53.1
2018-08-25,59.0,53.1
2018-08-24,59.0,53.1
2018-08-23,59.0,53.1
2018-08-22,59.0,53.1
2018-08-21,59.0,53.1
2018-08-20,59.0,53.1
2018-08-19,59.0,53.1
2018-08-18,59.0,53.1
2018-08-17,59.0,53.1
2018-08-16,59.0,53.1
2018-08-15,,
2018-08-14,,
2018-08-13,,
2018-08-12,59.0,53.1
2018-08-11,59.0,53.1
2018-08-10,59.0,53.1
2018-08-09,59.0,53.1
2018-08-08,59.0,53.1
2018-08-07,59.0,53.1
2018-08-06,59.0,53.1
2018-08-05,59.0,53.1
2018-08-04,59.0,53.1
2018-08-03,59.0,53.1
2018-08-02,59.0,53.1
2018-08-01,59.0,53.1
2018-07-31,59.0,53.1
2018-07-30,59.0,53.1
2018-07-29,59.0,53.1
2018-07-28,,
2018-07-27,,
2018-07-26,,
2018-07-25,59.0,53.1
2018-07-24,59.0,53.1
2018-07-23,59.0,53.1
2018-07-22,59.0,53.1
2018-07-21,59.0,53.1
2018-07-20,59.0,53.1
2018-07-19,,
2018-07-18,,
2018-07-17,,
2018-07-16,59.0,53.1
2018-07-15,,
2018-07-14,,
2018-07-13,,
2018-07-12,,
2018-07-11,,
2018-07-10,59.0,53.1
2018-07-09,59.0,53.1
2018-07-08,59.0,53.1
2018-07-07,,
2018-07-06,,
2018-07-05,,
2018-07-04,,
2018-07-03,,
2018-07-02,,
2018-07-01,,
2018-06-30,,
2018-06-29,,
2018-06-28,59.0,53.1
2018-06-27,59.0,53.1
2018-06-26,59.0,53.1
2018-06-25,59.0,53.1
2018-06-24,59.0,53.1
2018-06-23,,
2018-06-22,,
2018-06-21,,
2018-06-20,,
2018-06-19,,
2018-06-18,,
2018-06-17,,
2018-06-16,,
2018-06-15,,
2018-06-14,,
2018-06-13,,
2018-06-12,56.0,50.4
2018-06-11,56.0,50.4
2018-06-10,56.0,50.4
2018-06-09,59.0,53.1
2018-06-08,,
2018-06-07,,
2018-06-06,,
2018-06-05,,
2018-06-04,,
2018-06-03,,
2018-06-02,,
2018-06-01,,
2018-05-31,,
2018-05-30,,
2018-05-29,59.0,53.1
2018-05-28,59.0,53.1
2018-05-27,59.0,53.1
2018-05-26,59.0,53.1
2018-05-25,59.0,53.1
2018-05-24,59.0,53.1
2018-05-23,59.0,53.1
2018-05-22,59.0,53.1
2018-05-21,59.0,53.1
2018-05-20,,
2018-05-19,,
2018-05-18,,
2018-05-17,,
2018-05-16,,
2018-05-15,,
2018-05-14,,
2018-05-13,,
2018-05-12,,
2018-05-11,,
2018-05-10,56.0,50.4
2018-05-09,,
2018-05-08,,
2018-05-07,,
2018-05-06,59.0,53.1
2018-05-05,59.0,53.1
2018-05-04,59.0,53.1
2018-05-03,,
2018-05-02,,
2018-05-01,,
2018-04-30,,
2018-04-29,,
2018-04-28,56.0,50.4
2018-04-27,56.0,50.4
2018-04-26,56.0,50.4
2018-04-25,56.0,50.4
2018-04-24,56.0,50.4
2018-04-23,56.0,50.4
2018-04-22,,
2018-04-21,,
2018-04-20,,
2018-04-19,,
2018-04-18,56.0,50.4
2018-04-17,56.0,50.4
2018-04-16,56.0,50.4
2018-04-15,,
2018-04-14,,
2018-04-13,,
2018-04-12,,
2018-04-11,56.0,50.4
2018-04-10,56.0,50.4
2018-04-09,,
2018-04-08,,
2018-04-07,,
2018-04-06,,
2018-04-05,,
2018-04-04,,
2018-04-03,,
2018-04-02,56.0,50.4
2018-04-01,,
2018-03-31,,
2018-03-30,,
2018-03-29,,
2018-03-28,,
2018-03-27,,
2018-03-26,,
2018-03-25,53.0,47.7
2018-03-24,53.0,47.7
2018-03-23,,
2018-03-22,,
2018-03-21,,
2018-03-20,,
2018-03-19,,
2018-03-18,53.0,47.7
2018-03-17,,
2018-03-16,,
2018-03-15,,
2018-03-14,,
2018-03-13,53.0,47.7
2018-03-12,53.0,47.7
2018-03-11,,
2018-03-10,,
2018-03-09,,
2018-03-08,,
2018-03-07,,
2018-03-06,,
2018-03-05,,
2018-03-04,53.0,47.7
2018-03-03,53.0,47.7
2018-03-02,53.0,47.7
2018-03-01,53.0,47.7
2018-02-28,,
2018-02-27,,
2018-02-26,45.0,40.5
2018-02-25,,
2018-02-24,,
2018-02-23,,
2018-02-22,,
2018-02-21,,
2018-02-20,,
2018-02-19,43.0,38.7
2018-02-18,43.0,38.7
2018-02-17,43.0,38.7
2018-02-16,43.0,38.7
2018-02-15,43.0,38.7
2018-02-14,43.0,38.7
2018-02-13,43.0,38.7
2018-02-12,,
2018-02-11,,
2018-02-10,,
2018-02-09,,
2018-02-08,,
2018-02-07,43.0,38.7
2018-02-06,43.0,38.7
2018-02-05,43.0,38.7
2018-02-04,43.0,38.7
2018-02-03,43.0,38.7
2018-02-02,43.0,38.7
2018-02-01,,
2018-01-31,,
2018-01-30,,
2018-01-29,43.0,38.7
2018-01-28,,
2018-01-27,,
2018-01-26,,
2018-01-25,,
2018-01-24,43.0,38.7
2018-01-23,43.0,38.7
2018-01-22,43.0,38.7
2018-01-21,,
2018-01-20,,
2018-01-19,,
2018-01-18,,
2018-01-17,,
2018-01-16,,
2018-01-15,,
2018-01-14,43.0,38.7
2018-11-06,195.0,175.5
2018-11-05,195.0,175.5
2018-11-04,195.0,175.5
2018-11-03,195.0,175.5
2018-11-02,195.0,175.5
2018-11-01,195.0,175.5
2018-10-31,195.0,175.5
2018-10-30,195.0,175.5
2018-10-29,195.0,175.5
2018-10-28,195.0,175.5
2018-10-27,195.0,175.5
2018-10-26,195.0,175.5
2018-10-25,195.0,175.5
2018-10-24,195.0,175.5
2018-10-23,195.0,175.5
2018-10-22,195.0,175.5
2018-10-21,195.0,175.5
2018-10-20,195.0,175.5
2018-10-19,195.0,175.5
2018-10-18,195.0,175.5
2018-10-17,195.0,175.5
2018-10-16,195.0,175.5
2018-10-15,195.0,175.5
2018-10-14,195.0,175.5
2018-10-13,195.0,175.5
2018-10-12,195.0,175.5
2018-10-11,195.0,175.5
2018-10-10,195.0,175.5
2018-10-09,195.0,175.5
2018-10-08,195.0,175.5
2018-10-07,195.0,175.5
2018-10-06,195.0,175.5
2018-10-05,195.0,175.5
2018-10-04,195.0,175.5
2018-10-03,195.0,175.5
2018-10-02,195.0,175.5
2018-10-01,195.0,175.5
2018-09-30,195.0,175.5
2018-09-29,195.0,175.5
2018-09-28,195.0,175.5
2018-09-27,195.0,175.5
2018-09-26,195.0,175.5
2018-09-25,195.0,175.5
2018-09-24,195.0,175.5
2018-09-23,195.0,175.5
2018-09-22,195.0,175.5
2018-09-21,195.0,175.5
2018-09-20,195.0,175.5
2018-09-19,195.0,175.5
2018-09-18,195.0,175.5
2018-09-17,195.0,175.5
2018-08-06,235.0,211.5
2018-08-05,235.0,211.5
2018-08-04,235.0,211.5
2018-08-03,235.0,211.5
2018-08-02,235.0,211.5
2018-08-01,,
2018-07-31,,
2018-07-30,235.0,211.5
2018-07-29,,
2018-07-28,,
2018-07-27,,
2018-07-26,235.0,211.5
2018-07-25,235.0,211.5
2018-07-24,235.0,211.5
2018-07-23,235.0,211.5
2018-07-22,235.0,211.5
2018-07-21,235.0,211.5
2018-07-20,450.0,405.0
2018-07-19,450.0,405.0
2018-07-18,450.0,405.0
2018-07-17,220.0,198.0
2018-07-16,220.0,198.0
2018-07-15,220.0,198.0
2018-07-14,220.0,198.0
2018-07-13,220.0,198.0
2018-07-12,220.0,198.0
2018-07-11,220.0,198.0
2018-07-10,220.0,198.0
2018-07-09,220.0,198.0
2018-07-08,220.0,198.0
2018-07-07,220.0,198.0
2018-07-06,220.0,198.0
2018-07-05,,
2018-07-04,,
2018-07-03,,
2018-07-02,220.0,198.0
2018-07-01,220.0,198.0
2018-06-30,,
2018-06-29,,
2018-06-28,,
2018-06-27,,
2018-06-26,220.0,198.0
2018-06-25,220.0,198.0
2018-06-24,220.0,198.0
2018-06-23,220.0,198.0
2018-06-22,,
2018-06-21,,
2018-06-20,,
2018-06-19,,
2018-06-18,,
2018-06-17,,
2018-06-16,,
2018-06-15,,
2018-06-14,,
2018-06-13,,
2018-06-12,,
2018-06-11,220.0,198.0
2018-06-10,,
2018-06-09,,
2018-06-08,,
2018-06-07,,
2018-06-06,220.0,198.0
2018-06-05,220.0,198.0
2018-06-04,220.0,198.0
2018-06-03,,
2018-06-02,,
2018-06-01,,
2018-05-31,320.0,288.0
2018-05-30,320.0,288.0
2018-05-29,195.0,175.5
2018-05-28,195.0,175.5
2018-05-27,195.0,175.5
2018-05-26,195.0,175.5
2018-05-25,195.0,175.5
2018-05-24,195.0,175.5
2018-05-23,195.0,175.5
2018-05-22,195.0,175.5
2018-05-21,195.0,175.5
2018-05-20,195.0,175.5
2018-05-19,195.0,175.5
2018-05-18,195.0,175.5
2018-05-17,195.0,175.5
2018-05-16,195.0,175.5
2018-05-15,195.0,175.5
2018-05-14,195.0,175.5
2018-05-13,195.0,175.5
2018-05-12,195.0,175.5
2018-05-11,350.0,315.0
2018-05-10,350.0,315.0
2018-05-09,195.0,175.5
2018-05-08,195.0,175.5
2018-05-07,195.0,175.5
2018-05-06,195.0,175.5
2018-05-05,195.0,175.5
2018-05-04,195.0,175.5
2018-05-03,195.0,175.5
2018-05-02,195.0,175.5
2018-05-01,195.0,175.5
2018-04-30,195.0,175.5
2018-04-29,195.0,175.5
2018-04-28,195.0,175.5
2018-04-27,195.0,175.5
2018-04-26,195.0,175.5
2018-04-25,195.0,175.5
2018-04-24,,
2018-04-23,,
2018-04-22,,
2018-04-21,,
2018-04-20,195.0,175.5
2018-04-19,195.0,175.5
2018-04-18,195.0,175.5
2018-04-17,195.0,175.5
2018-04-16,195.0,175.5
2018-04-15,195.0,175.5
2018-04-14,,
2018-04-13,,
2018-04-12,195.0,175.5
2018-04-11,195.0,175.5
2018-04-10,195.0,175.5
2018-04-09,195.0,175.5
2018-04-08,195.0,175.5
2018-04-07,195.0,175.5
2018-04-06,195.0,175.5
2018-04-05,195.0,175.5
2018-04-04,195.0,175.5
2018-04-03,195.0,175.5
2018-04-02,195.0,175.5
2018-04-01,195.0,175.5
2018-03-31,210.0,189.0
2018-03-30,,
2018-03-29,,
2018-03-28,,
2018-03-27,,
2018-03-26,,
2018-03-25,,
2018-03-24,,
2018-03-23,,
2018-03-22,,
2018-03-21,,
2018-03-20,,
2018-03-19,,
2018-03-18,,
2018-03-17,,
2018-03-16,,
2018-03-15,210.0,189.0
2018-03-14,210.0,189.0
2018-03-13,210.0,189.0
2018-03-12,210.0,189.0
2018-03-11,210.0,189.0
2018-03-10,210.0,189.0
2018-03-09,210.0,189.0
2018-03-08,210.0,189.0
2018-03-07,210.0,189.0
2018-03-06,210.0,189.0
2018-03-05,210.0,189.0
2018-03-04,210.0,189.0
2018-03-03,210.0,189.0
2018-03-02,210.0,189.0
2018-03-01,210.0,189.0
2018-02-28,490.0,441.0
2018-02-27,490.0,441.0
2018-02-26,490.0,441.0
2018-02-25,490.0,441.0
2018-02-24,490.0,441.0
2018-02-23,195.0,175.5
2018-02-22,195.0,175.5
2018-02-21,195.0,175.5
2018-09-16,195.0,175.5
2018-09-15,195.0,175.5
2018-09-14,195.0,175.5
2018-09-13,195.0,175.5
2018-09-12,195.0,175.5
2018-09-11,195.0,175.5
2018-09-10,195.0,175.5
2018-09-09,195.0,175.5
2018-09-08,195.0,175.5
2018-09-07,195.0,175.5
2018-09-06,195.0,175.5
2018-09-05,195.0,175.5
2018-09-04,195.0,175.5
2018-09-03,195.0,175.5
2018-09-02,195.0,175.5
2018-09-01,195.0,175.5
2018-08-31,235.0,211.5
2018-08-30,235.0,211.5
2018-08-29,235.0,211.5
2018-08-28,235.0,211.5
2018-08-27,235.0,211.5
2018-08-26,235.0,211.5
2018-08-25,235.0,211.5
2018-08-24,235.0,211.5
2018-08-23,235.0,211.5
2018-08-22,235.0,211.5
2018-08-21,235.0,211.5
2018-08-20,235.0,211.5
2018-08-19,235.0,211.5
2018-08-18,235.0,211.5
2018-08-17,235.0,211.5
2018-08-16,235.0,211.5
2018-08-15,,
2018-08-14,,
2018-08-13,,
2018-08-12,235.0,211.5
2018-08-11,235.0,211.5
2018-08-10,235.0,211.5
2018-08-09,235.0,211.5
2018-08-08,235.0,211.5
2018-08-07,235.0,211.5
2018-02-20,195.0,175.5
2018-02-19,195.0,175.5
2018-02-18,195.0,175.5
2018-02-17,195.0,175.5
2018-02-16,195.0,175.5
2018-02-15,195.0,175.5
2018-02-14,195.0,175.5
2018-02-13,195.0,175.5
2018-02-12,195.0,175.5
2018-02-11,195.0,175.5
2018-02-10,195.0,175.5
2018-02-09,195.0,175.5
2018-02-08,195.0,175.5
2018-02-07,195.0,175.5
2018-02-06,195.0,175.5
2018-02-05,195.0,175.5
2018-02-04,195.0,175.5
2018-02-03,195.0,175.5
2018-02-02,195.0,175.5
2018-02-01,195.0,175.5
2018-01-31,195.0,175.5
2018-01-30,195.0,175.5
2018-01-29,195.0,175.5
2018-01-28,195.0,175.5
2018-01-27,195.0,175.5
2018-01-26,195.0,175.5
2018-01-25,195.0,175.5
2018-01-24,195.0,175.5
2018-01-23,195.0,175.5
2018-01-22,195.0,175.5
2018-01-21,195.0,175.5
2018-01-20,195.0,175.5
2018-01-19,195.0,175.5
2018-01-18,195.0,175.5
2018-01-17,195.0,175.5
2018-01-16,195.0,175.5
2018-01-15,195.0,175.5
2018-01-14,195.0,175.5
2018-01-13,195.0,175.5
2018-01-12,195.0,175.5
2018-01-11,195.0,175.5
2018-01-10,195.0,175.5
2018-01-09,195.0,175.5
2018-01-08,195.0,175.5
2018-01-07,195.0,175.5
2018-01-06,195.0,175.5
2018-01-05,250.0,225.0
2018-01-04,250.0,225.0
2018-01-03,,
2018-01-02,,
2018-01-01,,
2017-12-31,,
2017-12-30,,
2017-12-29,,
2017-12-28,,
2017-12-27,,
2017-12-26,350.0,315.0
2017-12-25,290.0,261.0
2017-12-24,290.0,261.0
2017-12-23,290.0,261.0
2017-12-22,290.0,261.0
2017-12-21,290.0,261.0
2017-12-20,195.0,175.5
2017-12-19,195.0,175.5
2017-12-18,195.0,175.5
2017-12-17,195.0,175.5
2017-12-16,195.0,175.5
2017-12-15,195.0,175.5
2017-12-14,195.0,175.5
2017-12-13,195.0,175.5
2017-12-12,195.0,175.5
2017-12-11,195.0,175.5
2017-12-10,195.0,175.5
2017-12-09,195.0,175.5
2017-12-08,195.0,175.5
2017-12-07,,
2017-12-06,,
2017-12-05,195.0,175.5
2017-12-04,195.0,175.5
2017-12-03,195.0,175.5
2017-12-02,195.0,175.5
2017-12-01,195.0,175.5
2017-11-30,195.0,175.5
2017-11-29,195.0,175.5
2017-11-28,195.0,175.5
2017-11-27,195.0,175.5
2017-11-26,195.0,175.5
2017-11-25,195.0,175.5
